SUID	childnodes	class	label	name	Gene
62	http://chem2bio2rdf.org/pubchem/resource/pubchem_compound/9904387 http://chem2bio2rdf.org/pubchem/resource/pubchem_compound/10021137 http://chem2bio2rdf.org/pubchem/resource/pubchem_compound/15728624 http://chem2bio2rdf.org/pubchem/resource/pubchem_compound/15728622 http://chem2bio2rdf.org/pubchem/resource/pubchem_compound/15728623 http://chem2bio2rdf.org/pubchem/resource/pubchem_compound/43345 http://chem2bio2rdf.org/pubchem/resource/pubchem_compound/10500969 http://chem2bio2rdf.org/pubchem/resource/pubchem_compound/3050782 http://chem2bio2rdf.org/pubchem/resource/pubchem_compound/195544	pubchem_compound	15146830(9)	http://chem2bio2rdf.org/pubchem/resource/pubchem_compound/15146830	
63		gene	LDHA	http://chem2bio2rdf.org/uniprot/resource/gene/LDHA	LDHA
64		pubchem_compound	10810351	http://chem2bio2rdf.org/pubchem/resource/pubchem_compound/10810351	
65		pubchem_compound	65981	http://chem2bio2rdf.org/pubchem/resource/pubchem_compound/65981	
66		pubchem_compound	4397986	http://chem2bio2rdf.org/pubchem/resource/pubchem_compound/4397986	
67		pubchem_compound	5240098	http://chem2bio2rdf.org/pubchem/resource/pubchem_compound/5240098	
68		gene	KCND3	http://chem2bio2rdf.org/uniprot/resource/gene/KCND3	KCND3
69		pubchem_compound	10620857	http://chem2bio2rdf.org/pubchem/resource/pubchem_compound/10620857	
70		pubchem_compound	10500343	http://chem2bio2rdf.org/pubchem/resource/pubchem_compound/10500343	
71		pubchem_compound	44361253	http://chem2bio2rdf.org/pubchem/resource/pubchem_compound/44361253	
72		pubchem_compound	10045948	http://chem2bio2rdf.org/pubchem/resource/pubchem_compound/10045948	
73		pubchem_compound	3478	http://chem2bio2rdf.org/pubchem/resource/pubchem_compound/3478	
74		pubchem_compound	9862760	http://chem2bio2rdf.org/pubchem/resource/pubchem_compound/9862760	
75		gene	KCNJ11	http://chem2bio2rdf.org/uniprot/resource/gene/KCNJ11	KCNJ11
76		pubchem_compound	44361142	http://chem2bio2rdf.org/pubchem/resource/pubchem_compound/44361142	
77		pubchem_compound	3476	http://chem2bio2rdf.org/pubchem/resource/pubchem_compound/3476	
78		pubchem_compound	10644163	http://chem2bio2rdf.org/pubchem/resource/pubchem_compound/10644163	
79		pubchem_compound	3033825	http://chem2bio2rdf.org/pubchem/resource/pubchem_compound/3033825	
80		pubchem_compound	10431921	http://chem2bio2rdf.org/pubchem/resource/pubchem_compound/10431921	
81		pubchem_compound	10522137	http://chem2bio2rdf.org/pubchem/resource/pubchem_compound/10522137	
82		pubchem_compound	9947948	http://chem2bio2rdf.org/pubchem/resource/pubchem_compound/9947948	
83		pubchem_compound	10760503	http://chem2bio2rdf.org/pubchem/resource/pubchem_compound/10760503	
84		pubchem_compound	10738538	http://chem2bio2rdf.org/pubchem/resource/pubchem_compound/10738538	
85		pubchem_compound	3488	http://chem2bio2rdf.org/pubchem/resource/pubchem_compound/3488	
86		pubchem_compound	10022595	http://chem2bio2rdf.org/pubchem/resource/pubchem_compound/10022595	
87		pubchem_compound	44293670	http://chem2bio2rdf.org/pubchem/resource/pubchem_compound/44293670	
88		pubchem_compound	21183546	http://chem2bio2rdf.org/pubchem/resource/pubchem_compound/21183546	
89		pubchem_compound	10834988	http://chem2bio2rdf.org/pubchem/resource/pubchem_compound/10834988	
90		pubchem_compound	10690586	http://chem2bio2rdf.org/pubchem/resource/pubchem_compound/10690586	
91	http://chem2bio2rdf.org/sider/resource/sider/C0162566	sider	C0032708(1)	http://chem2bio2rdf.org/sider/resource/sider/C0032708	
92		pubchem_compound	10787333	http://chem2bio2rdf.org/pubchem/resource/pubchem_compound/10787333	
93		pubchem_compound	10341099	http://chem2bio2rdf.org/pubchem/resource/pubchem_compound/10341099	
94		pubchem_compound	9930941	http://chem2bio2rdf.org/pubchem/resource/pubchem_compound/9930941	
95		pubchem_compound	10667926	http://chem2bio2rdf.org/pubchem/resource/pubchem_compound/10667926	
96		pubchem_compound	10667925	http://chem2bio2rdf.org/pubchem/resource/pubchem_compound/10667925	
97		pubchem_compound	10501033	http://chem2bio2rdf.org/pubchem/resource/pubchem_compound/10501033	
98		omim_disease	427	http://chem2bio2rdf.org/omim/resource/omim_disease/427	
99		pubchem_compound	10621914	http://chem2bio2rdf.org/pubchem/resource/pubchem_compound/10621914	
100		pubchem_compound	10456839	http://chem2bio2rdf.org/pubchem/resource/pubchem_compound/10456839	
101		pubchem_compound	10737609	http://chem2bio2rdf.org/pubchem/resource/pubchem_compound/10737609	
102		pubchem_compound	10249251	http://chem2bio2rdf.org/pubchem/resource/pubchem_compound/10249251	
103		pubchem_compound	9948658	http://chem2bio2rdf.org/pubchem/resource/pubchem_compound/9948658	
104		pubchem_compound	10318275	http://chem2bio2rdf.org/pubchem/resource/pubchem_compound/10318275	
105		pubchem_compound	10455786	http://chem2bio2rdf.org/pubchem/resource/pubchem_compound/10455786	
106		sider	C0162566	http://chem2bio2rdf.org/sider/resource/sider/C0162566	
107		pubchem_compound	10572530	http://chem2bio2rdf.org/pubchem/resource/pubchem_compound/10572530	
108		pubchem_compound	71191	http://chem2bio2rdf.org/pubchem/resource/pubchem_compound/71191	
109		pubchem_compound	10620412	http://chem2bio2rdf.org/pubchem/resource/pubchem_compound/10620412	
110		pubchem_compound	9799336	http://chem2bio2rdf.org/pubchem/resource/pubchem_compound/9799336	
111		pubchem_compound	9950829	http://chem2bio2rdf.org/pubchem/resource/pubchem_compound/9950829	
112		GO	GO:0015272	http://bio2rdf.org/GO/GO:0015272	
113		pubchem_compound	9864804	http://chem2bio2rdf.org/pubchem/resource/pubchem_compound/9864804	
114		pubchem_compound	10667106	http://chem2bio2rdf.org/pubchem/resource/pubchem_compound/10667106	
115		pubchem_compound	4826	http://chem2bio2rdf.org/pubchem/resource/pubchem_compound/4826	
116		pubchem_compound	10643113	http://chem2bio2rdf.org/pubchem/resource/pubchem_compound/10643113	
117		pubchem_compound	60026	http://chem2bio2rdf.org/pubchem/resource/pubchem_compound/60026	
118		pubchem_compound	10546096	http://chem2bio2rdf.org/pubchem/resource/pubchem_compound/10546096	
119		pubchem_compound	10834192	http://chem2bio2rdf.org/pubchem/resource/pubchem_compound/10834192	
120		pubchem_compound	9797402	http://chem2bio2rdf.org/pubchem/resource/pubchem_compound/9797402	
121		pubchem_compound	10547789	http://chem2bio2rdf.org/pubchem/resource/pubchem_compound/10547789	
122		pubchem_compound	10692234	http://chem2bio2rdf.org/pubchem/resource/pubchem_compound/10692234	
123		pubchem_compound	10321411	http://chem2bio2rdf.org/pubchem/resource/pubchem_compound/10321411	
124		pubchem_compound	10451456	http://chem2bio2rdf.org/pubchem/resource/pubchem_compound/10451456	
125		pubchem_compound	10621403	http://chem2bio2rdf.org/pubchem/resource/pubchem_compound/10621403	
126		pubchem_compound	10761999	http://chem2bio2rdf.org/pubchem/resource/pubchem_compound/10761999	
127		pubchem_compound	10365187	http://chem2bio2rdf.org/pubchem/resource/pubchem_compound/10365187	
128		pubchem_compound	10831890	http://chem2bio2rdf.org/pubchem/resource/pubchem_compound/10831890	
129		GO	GO:0010107	http://bio2rdf.org/GO/GO:0010107	
130		pubchem_compound	10644842	http://chem2bio2rdf.org/pubchem/resource/pubchem_compound/10644842	
131	http://chem2bio2rdf.org/uniprot/resource/gene/KCNJ1	gene	CYP2C9	http://chem2bio2rdf.org/uniprot/resource/gene/CYP2C9	CYP2C9
132		pubchem_compound	11508571	http://chem2bio2rdf.org/pubchem/resource/pubchem_compound/11508571	
133		pubchem_compound	9800873	http://chem2bio2rdf.org/pubchem/resource/pubchem_compound/9800873	
134		pubchem_compound	9799392	http://chem2bio2rdf.org/pubchem/resource/pubchem_compound/9799392	
135		pubchem_compound	10713175	http://chem2bio2rdf.org/pubchem/resource/pubchem_compound/10713175	
136		gene	ABCC9	http://chem2bio2rdf.org/uniprot/resource/gene/ABCC9	ABCC9
137	http://chem2bio2rdf.org/uniprot/resource/gene/KCNJ1	gene	ABCC8	http://chem2bio2rdf.org/uniprot/resource/gene/ABCC8	ABCC8
138		pubchem_compound	9864353	http://chem2bio2rdf.org/pubchem/resource/pubchem_compound/9864353	
139		pubchem_compound	10811387	http://chem2bio2rdf.org/pubchem/resource/pubchem_compound/10811387	
140		GO	GO:0008282	http://bio2rdf.org/GO/GO:0008282	
141		pubchem_compound	10524485	http://chem2bio2rdf.org/pubchem/resource/pubchem_compound/10524485	
142		pubchem_compound	9865602	http://chem2bio2rdf.org/pubchem/resource/pubchem_compound/9865602	
143		pubchem_compound	10572397	http://chem2bio2rdf.org/pubchem/resource/pubchem_compound/10572397	
144		gene_family	KCN,Kir	http://chem2bio2rdf.org/hgnc/resource/gene_family/KCN,Kir	
145		pubchem_compound	177852	http://chem2bio2rdf.org/pubchem/resource/pubchem_compound/177852	
146		pubchem_compound	10761920	http://chem2bio2rdf.org/pubchem/resource/pubchem_compound/10761920	
147		pubchem_compound	10784372	http://chem2bio2rdf.org/pubchem/resource/pubchem_compound/10784372	
148		gene	KCNJ10	http://chem2bio2rdf.org/uniprot/resource/gene/KCNJ10	KCNJ10
149		pubchem_compound	9886164	http://chem2bio2rdf.org/pubchem/resource/pubchem_compound/9886164	
150		pubchem_compound	9885495	http://chem2bio2rdf.org/pubchem/resource/pubchem_compound/9885495	
151		gene	KCNJ8	http://chem2bio2rdf.org/uniprot/resource/gene/KCNJ8	KCNJ8
152		pubchem_compound	10787580	http://chem2bio2rdf.org/pubchem/resource/pubchem_compound/10787580	
153		pubchem_compound	10433766	http://chem2bio2rdf.org/pubchem/resource/pubchem_compound/10433766	
154		pubchem_compound	10362210	http://chem2bio2rdf.org/pubchem/resource/pubchem_compound/10362210	
155		pubchem_compound	9819831	http://chem2bio2rdf.org/pubchem/resource/pubchem_compound/9819831	
156	http://chem2bio2rdf.org/uniprot/resource/gene/ABCC8	gene	KCNJ1	http://chem2bio2rdf.org/uniprot/resource/gene/KCNJ1	KCNJ1
157		pubchem_compound	10810245	http://chem2bio2rdf.org/pubchem/resource/pubchem_compound/10810245	
158		pubchem_compound	10834289	http://chem2bio2rdf.org/pubchem/resource/pubchem_compound/10834289	
159		pubchem_compound	161196	http://chem2bio2rdf.org/pubchem/resource/pubchem_compound/161196	
160		pubchem_compound	10068147	http://chem2bio2rdf.org/pubchem/resource/pubchem_compound/10068147	
161		pubchem_compound	10809911	http://chem2bio2rdf.org/pubchem/resource/pubchem_compound/10809911	
162		pubchem_compound	3047758	http://chem2bio2rdf.org/pubchem/resource/pubchem_compound/3047758	
163		pubchem_compound	9841562	http://chem2bio2rdf.org/pubchem/resource/pubchem_compound/9841562	
164		substructure	Sulfonylureas	http://chem2bio2rdf.org/drugbank/resource/substructure/Sulfonylureas	
165	http://bio2rdf.org/GO/GO:0005242	GO	GO:0008076	http://bio2rdf.org/GO/GO:0008076	
166		GO	GO:0051607	http://bio2rdf.org/GO/GO:0051607	
167		pubchem_compound	9863958	http://chem2bio2rdf.org/pubchem/resource/pubchem_compound/9863958	
168		GO	GO:0042383	http://bio2rdf.org/GO/GO:0042383	
169	http://bio2rdf.org/GO/GO:0042416	GO	GO:0035240(1)	http://bio2rdf.org/GO/GO:0035240	
170		gene	TH	http://chem2bio2rdf.org/uniprot/resource/gene/TH	TH
171	http://chem2bio2rdf.org/pubchem/resource/pubchem_compound/23930 http://chem2bio2rdf.org/pubchem/resource/pubchem_compound/40326 http://chem2bio2rdf.org/pubchem/resource/pubchem_compound/5281875 http://chem2bio2rdf.org/pubchem/resource/pubchem_compound/3589 http://chem2bio2rdf.org/pubchem/resource/pubchem_compound/2982 http://chem2bio2rdf.org/pubchem/resource/pubchem_compound/1388	pubchem_compound	6950(6)	http://chem2bio2rdf.org/pubchem/resource/pubchem_compound/6950	
172		gene	SLC6A3	http://chem2bio2rdf.org/uniprot/resource/gene/SLC6A3	SLC6A3
173		kegg_pathway	hsa05012	http://chem2bio2rdf.org/kegg/resource/kegg_pathway/hsa05012	
174		gene	SNCA	http://chem2bio2rdf.org/uniprot/resource/gene/SNCA	SNCA
175		pubchem_compound	8461	http://chem2bio2rdf.org/pubchem/resource/pubchem_compound/8461	
176		gene	HBA1	http://chem2bio2rdf.org/uniprot/resource/gene/HBA1	HBA1
177		gene	PPARA	http://chem2bio2rdf.org/uniprot/resource/gene/PPARA	PPARA
178	pubchem/resource/pubchem_compound/11247908 http://chem2bio2rdf.org/pubchem/resource/pubchem_compound/45267726 http://chem2bio2rdf.org/pubchem/resource/pubchem_compound/11635845 http://chem2bio2rdf.org/pubchem/resource/pubchem_compound/25115790 http://chem2bio2rdf.org/pubchem/resource/pubchem_compound/44446263 http://chem2bio2rdf.org/pubchem/resource/pubchem_compound/10432356 http://chem2bio2rdf.org/pubchem/resource/pubchem_compound/44480461 http://chem2bio2rdf.org/pubchem/resource/pubchem_compound/10896153 http://chem2bio2rdf.org/pubchem/resource/pubchem_compound/44480465 http://chem2bio2rdf.org/pubchem/resource/pubchem_compound/9959189 http://chem2bio2rdf.org/pubchem/resource/pubchem_compound/44579479 http://chem2bio2rdf.org/pubchem/resource/pubchem_compound/44579478 http://chem2bio2rdf.org/pubchem/resource/pubchem_compound/10139836 http://chem2bio2rdf.org/pubchem/resource/pubchem_compound/44449163 http://chem2bio2rdf.org/pubchem/resource/pubchem_compound/44449161 http://chem2bio2rdf.org/pubchem/resource/pubchem_compound/44263428 http://chem2bio2rdf.org/pubchem/resource/pubchem_compound/46216832 http://chem2bio2rdf.org/pubchem/resource/pubchem_compound/44263420 http://chem2bio2rdf.org/pubchem/resource/pubchem_compound/44263421 http://chem2bio2rdf.org/pubchem/resource/pubchem_compound/44263423 http://chem2bio2rdf.org/pubchem/resource/pubchem_compound/44263424 http://chem2bio2rdf.org/pubchem/resource/pubchem_compound/44263426 http://chem2bio2rdf.org/pubchem/resource/pubchem_compound/10204076 http://chem2bio2rdf.org/pubchem/resource/pubchem_compound/10181314 http://chem2bio2rdf.org/pubchem/resource/pubchem_compound/11203145 http://chem2bio2rdf.org/pubchem/resource/pubchem_compound/9826895 http://chem2bio2rdf.org/pubchem/resource/pubchem_compound/10161996 http://chem2bio2rdf.org/pubchem/resource/pubchem_compound/42625953 http://chem2bio2rdf.org/pubchem/resource/pubchem_compound/42625954 http://chem2bio2rdf.org/pubchem/resource/pubchem_compound/42625955 http://chem2bio2rdf.org/pubchem/resource/pubchem_compound/44579288 http://chem2bio2rdf.org/pubchem/resource/pubchem_compound/44579289 http://chem2bio2rdf.org/pubchem/resource/pubchem_compound/10651441 http://chem2bio2rdf.org/pubchem/resource/pubchem_compound/23553234 http://chem2bio2rdf.org/pubchem/resource/pubchem_compound/44274021 http://chem2bio2rdf.org/pubchem/resource/pubchem_compound/11511317 http://chem2bio2rdf.org/pubchem/resource/pubchem_compound/10137230 http://chem2bio2rdf.org/pubchem/resource/pubchem_compound/10223369 http://chem2bio2rdf.org/pubchem/resource/pubchem_compound/16090857 http://chem2bio2rdf.org/pubchem/resource/pubchem_compound/11742116 http://chem2bio2rdf.org/pubchem/resource/pubchem_compound/44406262 http://chem2bio2rdf.org/pubchem/resource/pubchem_compound/44406265 http://chem2bio2rdf.org/pubchem/resource/pubchem_compound/44406266 http://chem2bio2rdf.org/pubchem/resource/pubchem_compound/23402689 http://chem2bio2rdf.org/pubchem/resource/pubchem_compound/5098 http://chem2bio2rdf.org/pubchem/resource/pubchem_compound/44406455 http://chem2bio2rdf.org/pubchem/resource/pubchem_compound/44481230 http://chem2bio2rdf.org/pubchem/resource/pubchem_compound/11211999 http://chem2bio2rdf.org/pubchem/resource/pubchem_compound/10119393 http://chem2bio2rdf.org/pubchem/resource/pubchem_compound/10119392 http://chem2bio2rdf.org/pubchem/resource/pubchem_compound/42626030 http://chem2bio2rdf.org/pubchem/resource/pubchem_compound/44420479 http://chem2bio2rdf.org/pubchem/resource/pubchem_compound/44345158 http://chem2bio2rdf.org/pubchem/resource/pubchem_compound/21054988 http://chem2bio2rdf.org/pubchem/resource/pubchem_compound/10225731 http://chem2bio2rdf.org/pubchem/resource/pubchem_compound/25110744 http://chem2bio2rdf.org/pubchem/resource/pubchem_compound/10182727 http://chem2bio2rdf.org/pubchem/resource/pubchem_compound/10144243 http://chem2bio2rdf.org/pubchem/resource/pubchem_compound/44409249	pubchem_compound	25104183(761)	http://chem2bio2rdf.org/pubchem/resource/pubchem_compound/25104183	
179		gene	PPARG	http://chem2bio2rdf.org/uniprot/resource/gene/PPARG	PPARG
180	http://chem2bio2rdf.org/pubchem/resource/pubchem_compound/985 http://chem2bio2rdf.org/pubchem/resource/pubchem_compound/54454	pubchem_compound	3463	http://chem2bio2rdf.org/pubchem/resource/pubchem_compound/3463	
181		gene	FABP1	http://chem2bio2rdf.org/uniprot/resource/gene/FABP1	FABP1
182	http://chem2bio2rdf.org/uniprot/resource/gene/CYP3A5	gene	CYP2C8	http://chem2bio2rdf.org/uniprot/resource/gene/CYP2C8	CYP2C8
183		pubchem_compound	5591	http://chem2bio2rdf.org/pubchem/resource/pubchem_compound/5591	
184		chebi	CHEBI:35526	http://chem2bio2rdf.org/chebi/resource/chebi/CHEBI:35526	
185	http://chem2bio2rdf.org/pubchem/resource/pubchem_compound/51263 http://chem2bio2rdf.org/pubchem/resource/pubchem_compound/3883 http://chem2bio2rdf.org/pubchem/resource/pubchem_compound/5362440 http://chem2bio2rdf.org/pubchem/resource/pubchem_compound/12560	pubchem_compound	4829	http://chem2bio2rdf.org/pubchem/resource/pubchem_compound/4829	
186	http://bio2rdf.org/GO/GO:0010891 http://bio2rdf.org/GO/GO:0010871	GO	GO:0046321(2)	http://bio2rdf.org/GO/GO:0046321	
187	http://chem2bio2rdf.org/pubchem/resource/pubchem_compound/25033656 http://chem2bio2rdf.org/pubchem/resource/pubchem_compound/25033733 http://chem2bio2rdf.org/pubchem/resource/pubchem_compound/25033735 http://chem2bio2rdf.org/pubchem/resource/pubchem_compound/25033811 http://chem2bio2rdf.org/pubchem/resource/pubchem_compound/25033659 http://chem2bio2rdf.org/pubchem/resource/pubchem_compound/25033658 http://chem2bio2rdf.org/pubchem/resource/pubchem_compound/25033728 http://chem2bio2rdf.org/pubchem/resource/pubchem_compound/42642930 http://chem2bio2rdf.org/pubchem/resource/pubchem_compound/25033727 http://chem2bio2rdf.org/pubchem/resource/pubchem_compound/25033726 http://chem2bio2rdf.org/pubchem/resource/pubchem_compound/25033808 http://chem2bio2rdf.org/pubchem/resource/pubchem_compound/25033809 http://chem2bio2rdf.org/pubchem/resource/pubchem_compound/25033807 http://chem2bio2rdf.org/pubchem/resource/pubchem_compound/25033729 http://chem2bio2rdf.org/pubchem/resource/pubchem_compound/25033805 http://chem2bio2rdf.org/pubchem/resource/pubchem_compound/25033662 http://chem2bio2rdf.org/pubchem/resource/pubchem_compound/25033725 http://chem2bio2rdf.org/pubchem/resource/pubchem_compound/25033660 http://chem2bio2rdf.org/pubchem/resource/pubchem_compound/25033654	pubchem_compound	25034656(19)	http://chem2bio2rdf.org/pubchem/resource/pubchem_compound/25034656	
188		GO	GO:0006694	http://bio2rdf.org/GO/GO:0006694	
189	http://bio2rdf.org/GO/GO:0042737 http://bio2rdf.org/GO/GO:0070330 http://bio2rdf.org/GO/GO:0070989	GO	GO:0019825	http://bio2rdf.org/GO/GO:0019825	
190		pubchem_compound	6013	http://chem2bio2rdf.org/pubchem/resource/pubchem_compound/6013	
191	http://bio2rdf.org/GO/GO:0070989	GO	GO:0004497(1)	http://bio2rdf.org/GO/GO:0004497	
192		gene	HSD3B2	http://chem2bio2rdf.org/uniprot/resource/gene/HSD3B2	HSD3B2
193		GO	GO:0020037	http://bio2rdf.org/GO/GO:0020037	
194		gene	CYP17A1	http://chem2bio2rdf.org/uniprot/resource/gene/CYP17A1	CYP17A1
195	http://chem2bio2rdf.org/uniprot/resource/gene/CYP2C9	gene	CYP3A4	http://chem2bio2rdf.org/uniprot/resource/gene/CYP3A4	CYP3A4
196	http://chem2bio2rdf.org/uniprot/resource/gene/ADIPOR1 http://chem2bio2rdf.org/uniprot/resource/gene/NR4A3	gene	CYP3A5	http://chem2bio2rdf.org/uniprot/resource/gene/CYP3A5	CYP3A5
197	http://chem2bio2rdf.org/pubchem/resource/pubchem_compound/44346781 http://chem2bio2rdf.org/pubchem/resource/pubchem_compound/10950401 http://chem2bio2rdf.org/pubchem/resource/pubchem_compound/5505 http://chem2bio2rdf.org/pubchem/resource/pubchem_compound/24741307 http://chem2bio2rdf.org/pubchem/resource/pubchem_compound/46890163 http://chem2bio2rdf.org/pubchem/resource/pubchem_compound/42626024 http://chem2bio2rdf.org/pubchem/resource/pubchem_compound/11617480 http://chem2bio2rdf.org/pubchem/resource/pubchem_compound/11610363 http://chem2bio2rdf.org/pubchem/resource/pubchem_compound/16745311 http://chem2bio2rdf.org/pubchem/resource/pubchem_compound/10916150 http://chem2bio2rdf.org/pubchem/resource/pubchem_compound/2165 http://chem2bio2rdf.org/pubchem/resource/pubchem_compound/16099905 http://chem2bio2rdf.org/pubchem/resource/pubchem_compound/46890301 http://chem2bio2rdf.org/pubchem/resource/pubchem_compound/10938696 http://chem2bio2rdf.org/pubchem/resource/pubchem_compound/16099923 http://chem2bio2rdf.org/pubchem/resource/pubchem_compound/11494579 http://chem2bio2rdf.org/pubchem/resource/pubchem_compound/5381226 http://chem2bio2rdf.org/pubchem/resource/pubchem_compound/11013215 http://chem2bio2rdf.org/pubchem/resource/pubchem_compound/24871527 http://chem2bio2rdf.org/pubchem/resource/pubchem_compound/16072099	pubchem_compound	11560300(20)	http://chem2bio2rdf.org/pubchem/resource/pubchem_compound/11560300	
198	http://chem2bio2rdf.org/chebi/resource/chebi/CHEBI:50990 http://chem2bio2rdf.org/chebi/resource/chebi/CHEBI:38106 http://chem2bio2rdf.org/chebi/resource/chebi/CHEBI:50864 http://chem2bio2rdf.org/chebi/resource/chebi/CHEBI:35526	chebi	CHEBI:48865(4)	http://chem2bio2rdf.org/chebi/resource/chebi/CHEBI:48865	
199		pubchem_compound	77999	http://chem2bio2rdf.org/pubchem/resource/pubchem_compound/77999	
200	http://chem2bio2rdf.org/pubchem/resource/pubchem_compound/5381226	pubchem_compound	54454(1)	http://chem2bio2rdf.org/pubchem/resource/pubchem_compound/54454	
201	http://bio2rdf.org/GO/GO:0032787	GO	GO:0034875	http://bio2rdf.org/GO/GO:0034875	
202		gene	APOE	http://chem2bio2rdf.org/uniprot/resource/gene/APOE	APOE
203		substructure	Thiazolidines	http://chem2bio2rdf.org/drugbank/resource/substructure/Thiazolidines	
204	http://chem2bio2rdf.org/pubchem/resource/pubchem_compound/44369229 http://chem2bio2rdf.org/pubchem/resource/pubchem_compound/30323 http://chem2bio2rdf.org/pubchem/resource/pubchem_compound/3278 http://chem2bio2rdf.org/pubchem/resource/pubchem_compound/10047863 http://chem2bio2rdf.org/pubchem/resource/pubchem_compound/10459316 http://chem2bio2rdf.org/pubchem/resource/pubchem_compound/10388318 http://chem2bio2rdf.org/pubchem/resource/pubchem_compound/11337594 http://chem2bio2rdf.org/pubchem/resource/pubchem_compound/44369028 http://chem2bio2rdf.org/pubchem/resource/pubchem_compound/44369027 http://chem2bio2rdf.org/pubchem/resource/pubchem_compound/44369228 http://chem2bio2rdf.org/pubchem/resource/pubchem_compound/11454819 http://chem2bio2rdf.org/pubchem/resource/pubchem_compound/10344755 http://chem2bio2rdf.org/pubchem/resource/pubchem_compound/44368923 http://chem2bio2rdf.org/pubchem/resource/pubchem_compound/4911 http://chem2bio2rdf.org/pubchem/resource/pubchem_compound/10346312 http://chem2bio2rdf.org/pubchem/resource/pubchem_compound/5978 http://chem2bio2rdf.org/pubchem/resource/pubchem_compound/10046544 http://chem2bio2rdf.org/pubchem/resource/pubchem_compound/44369087 http://chem2bio2rdf.org/pubchem/resource/pubchem_compound/44369082 http://chem2bio2rdf.org/pubchem/resource/pubchem_compound/9828532 http://chem2bio2rdf.org/pubchem/resource/pubchem_compound/10454772 http://chem2bio2rdf.org/pubchem/resource/pubchem_compound/119196 http://chem2bio2rdf.org/pubchem/resource/pubchem_compound/148124 http://chem2bio2rdf.org/pubchem/resource/pubchem_compound/10094280 http://chem2bio2rdf.org/pubchem/resource/pubchem_compound/10092403 http://chem2bio2rdf.org/pubchem/resource/pubchem_compound/2708 http://chem2bio2rdf.org/pubchem/resource/pubchem_compound/44369091 http://chem2bio2rdf.org/pubchem/resource/pubchem_compound/6253 http://chem2bio2rdf.org/pubchem/resource/pubchem_compound/10004696 http://chem2bio2rdf.org/pubchem/resource/pubchem_compound/11359019 http://chem2bio2rdf.org/pubchem/resource/pubchem_compound/41867 http://chem2bio2rdf.org/pubchem/resource/pubchem_compound/60787 http://chem2bio2rdf.org/pubchem/resource/pubchem_compound/44368902 http://chem2bio2rdf.org/pubchem/resource/pubchem_compound/44369260 http://chem2bio2rdf.org/pubchem/resource/pubchem_compound/44369265 http://chem2bio2rdf.org/pubchem/resource/pubchem_compound/44369264 http://chem2bio2rdf.org/pubchem/resource/pubchem_compound/10071405 http://chem2bio2rdf.org/pubchem/resource/pubchem_compound/9828452 http://chem2bio2rdf.org/pubchem/resource/pubchem_compound/11408751 http://chem2bio2rdf.org/pubchem/resource/pubchem_compound/44369067 http://chem2bio2rdf.org/pubchem/resource/pubchem_compound/44369069 http://chem2bio2rdf.org/pubchem/resource/pubchem_compound/11432257 http://chem2bio2rdf.org/pubchem/resource/pubchem_compound/44368818 http://chem2bio2rdf.org/pubchem/resource/pubchem_compound/3037617 http://chem2bio2rdf.org/pubchem/resource/pubchem_compound/44369278 http://chem2bio2rdf.org/pubchem/resource/pubchem_compound/10345205 http://chem2bio2rdf.org/pubchem/resource/pubchem_compound/9980860 http://chem2bio2rdf.org/pubchem/resource/pubchem_compound/10322116 http://chem2bio2rdf.org/pubchem/resource/pubchem_compound/9979854 http://chem2bio2rdf.org/pubchem/resource/pubchem_compound/5284373 http://chem2bio2rdf.org/pubchem/resource/pubchem_compound/11444700 http://chem2bio2rdf.org/pubchem/resource/pubchem_compound/10432300 http://chem2bio2rdf.org/pubchem/resource/pubchem_compound/11418752 http://chem2bio2rdf.org/pubchem/resource/pubchem_compound/9848185 http://chem2bio2rdf.org/pubchem/resource/pubchem_compound/5281888 http://chem2bio2rdf.org/pubchem/resource/pubchem_compound/36314 http://chem2bio2rdf.org/pubchem/resource/pubchem_compound/44369198 http://chem2bio2rdf.org/pubchem/resource/pubchem_compound/11177641 http://chem2bio2rdf.org/pubchem/resource/pubchem_compound/44369026 http://chem2bio2rdf.org/pubchem/resource/pubchem_compound/65808 http://chem2bio2rdf.org/pubchem/resource/pubchem_compound/44369052 http://chem2bio2rdf.org/pubchem/resource/pubchem_compound/10407830 http://chem2bio2rdf.org/pubchem/resource/pubchem_compound/11258566 http://chem2bio2rdf.org/pubchem/resource/pubchem_compound/44369110 http://chem2bio2rdf.org/pubchem/resource/pubchem_compound/92305 http://chem2bio2rdf.org/pubchem/resource/pubchem_compound/10029563	pubchem_compound	6167	http://chem2bio2rdf.org/pubchem/resource/pubchem_compound/6167	
205	http://chem2bio2rdf.org/pubchem/resource/pubchem_compound/441074 http://chem2bio2rdf.org/pubchem/resource/pubchem_compound/54687	pubchem_compound	6675(2)	http://chem2bio2rdf.org/pubchem/resource/pubchem_compound/6675	
206		pubchem_compound	2471	http://chem2bio2rdf.org/pubchem/resource/pubchem_compound/2471	
207		gene	ABCB1	http://chem2bio2rdf.org/uniprot/resource/gene/ABCB1	ABCB1
208		sider	C0151436	http://chem2bio2rdf.org/sider/resource/sider/C0151436	
209		pubchem_compound	2520	http://chem2bio2rdf.org/pubchem/resource/pubchem_compound/2520	
210		gene	ABCB11	http://chem2bio2rdf.org/uniprot/resource/gene/ABCB11	ABCB11
211	http://chem2bio2rdf.org/pubchem/resource/pubchem_compound/36462 http://chem2bio2rdf.org/pubchem/resource/pubchem_compound/3034759	pubchem_compound	4122(2)	http://chem2bio2rdf.org/pubchem/resource/pubchem_compound/4122	
212	http://chem2bio2rdf.org/uniprot/resource/gene/ABCC9 http://chem2bio2rdf.org/uniprot/resource/gene/ABCC8	gene	CFTR	http://chem2bio2rdf.org/uniprot/resource/gene/CFTR	CFTR
213		gene	HAX1	http://chem2bio2rdf.org/uniprot/resource/gene/HAX1	HAX1
214		pubchem_compound	3019	http://chem2bio2rdf.org/pubchem/resource/pubchem_compound/3019	
215		GO	GO:0042626	http://bio2rdf.org/GO/GO:0042626	
216		pubchem_compound	9903	http://chem2bio2rdf.org/pubchem/resource/pubchem_compound/9903	
217		gene	ABCA1	http://chem2bio2rdf.org/uniprot/resource/gene/ABCA1	ABCA1
218		gene	ABCC3	http://chem2bio2rdf.org/uniprot/resource/gene/ABCC3	ABCC3
219		gene	ABCC1	http://chem2bio2rdf.org/uniprot/resource/gene/ABCC1	ABCC1
220		pubchem_compound	31703	http://chem2bio2rdf.org/pubchem/resource/pubchem_compound/31703	
221		pubchem_compound	168408	http://chem2bio2rdf.org/pubchem/resource/pubchem_compound/168408	
222		kegg_pathway	hsa02010	http://chem2bio2rdf.org/kegg/resource/kegg_pathway/hsa02010	
223		GO	GO:0016887	http://bio2rdf.org/GO/GO:0016887	
224		pubchem_compound	2756	http://chem2bio2rdf.org/pubchem/resource/pubchem_compound/2756	
225	http://chem2bio2rdf.org/pubchem/resource/pubchem_compound/44388719 http://chem2bio2rdf.org/pubchem/resource/pubchem_compound/10192730 http://chem2bio2rdf.org/pubchem/resource/pubchem_compound/5342 http://chem2bio2rdf.org/pubchem/resource/pubchem_compound/10899427 http://chem2bio2rdf.org/pubchem/resource/pubchem_compound/11993866 http://chem2bio2rdf.org/pubchem/resource/pubchem_compound/11993867 http://chem2bio2rdf.org/pubchem/resource/pubchem_compound/34633 http://chem2bio2rdf.org/pubchem/resource/pubchem_compound/19520 http://chem2bio2rdf.org/pubchem/resource/pubchem_compound/23646069 http://chem2bio2rdf.org/pubchem/resource/pubchem_compound/11641076 http://chem2bio2rdf.org/pubchem/resource/pubchem_compound/11612187 http://chem2bio2rdf.org/pubchem/resource/pubchem_compound/11378800 http://chem2bio2rdf.org/pubchem/resource/pubchem_compound/10691533 http://chem2bio2rdf.org/pubchem/resource/pubchem_compound/11206290 http://chem2bio2rdf.org/pubchem/resource/pubchem_compound/11993872 http://chem2bio2rdf.org/pubchem/resource/pubchem_compound/11148236	pubchem_compound	24754344(16)	http://chem2bio2rdf.org/pubchem/resource/pubchem_compound/24754344	
226		pubchem_compound	5472	http://chem2bio2rdf.org/pubchem/resource/pubchem_compound/5472	
227		gene	CYP3A7	http://chem2bio2rdf.org/uniprot/resource/gene/CYP3A7	CYP3A7
228		gene	CYP2B6	http://chem2bio2rdf.org/uniprot/resource/gene/CYP2B6	CYP2B6
229		kegg_pathway	hsa00982	http://chem2bio2rdf.org/kegg/resource/kegg_pathway/hsa00982	
230		kegg_pathway	hsa00590	http://chem2bio2rdf.org/kegg/resource/kegg_pathway/hsa00590	
231	http://chem2bio2rdf.org/kegg/resource/kegg_pathway/hsa00830 http://chem2bio2rdf.org/kegg/resource/kegg_pathway/hsa00982	kegg_pathway	hsa00980(2)	http://chem2bio2rdf.org/kegg/resource/kegg_pathway/hsa00980	
232	http://chem2bio2rdf.org/pubchem/resource/pubchem_compound/2733526 http://chem2bio2rdf.org/pubchem/resource/pubchem_compound/5743	pubchem_compound	36314(2)	http://chem2bio2rdf.org/pubchem/resource/pubchem_compound/36314	
233		chebi	CHEBI:38106	http://chem2bio2rdf.org/chebi/resource/chebi/CHEBI:38106	
234	http://bio2rdf.org/GO/GO:0017144	GO	GO:0070330	http://bio2rdf.org/GO/GO:0070330	
235		pubchem_compound	36462	http://chem2bio2rdf.org/pubchem/resource/pubchem_compound/36462	
236		GO	GO:0017144	http://bio2rdf.org/GO/GO:0017144	
237		pubchem_compound	5743	http://chem2bio2rdf.org/pubchem/resource/pubchem_compound/5743	
238	http://bio2rdf.org/GO/GO:0070330 http://bio2rdf.org/GO/GO:0017144 http://bio2rdf.org/GO/GO:0070989	GO	GO:0042738	http://bio2rdf.org/GO/GO:0042738	
239		kegg_pathway	hsa00830	http://chem2bio2rdf.org/kegg/resource/kegg_pathway/hsa00830	
240		pubchem_compound	2907	http://chem2bio2rdf.org/pubchem/resource/pubchem_compound/2907	
241		GO	GO:0008202	http://bio2rdf.org/GO/GO:0008202	
242		pubchem_compound	2554	http://chem2bio2rdf.org/pubchem/resource/pubchem_compound/2554	
243		pubchem_compound	5381226	http://chem2bio2rdf.org/pubchem/resource/pubchem_compound/5381226	
244	http://chem2bio2rdf.org/pubchem/resource/pubchem_compound/44440264 http://chem2bio2rdf.org/pubchem/resource/pubchem_compound/11722356 http://chem2bio2rdf.org/pubchem/resource/pubchem_compound/44440239 http://chem2bio2rdf.org/pubchem/resource/pubchem_compound/44441858 http://chem2bio2rdf.org/pubchem/resource/pubchem_compound/44407857 http://chem2bio2rdf.org/pubchem/resource/pubchem_compound/44407782	pubchem_compound	44441860(6)	http://chem2bio2rdf.org/pubchem/resource/pubchem_compound/44441860	
245	http://chem2bio2rdf.org/uniprot/resource/gene/NR0B2	gene	PPARGC1A(1)	http://chem2bio2rdf.org/uniprot/resource/gene/PPARGC1A	PPARGC1A
246		pubchem_compound	8814	http://chem2bio2rdf.org/pubchem/resource/pubchem_compound/8814	
247		pubchem_compound	5756	http://chem2bio2rdf.org/pubchem/resource/pubchem_compound/5756	
248		pubchem_compound	5757	http://chem2bio2rdf.org/pubchem/resource/pubchem_compound/5757	
249		pubchem_compound	11258227	http://chem2bio2rdf.org/pubchem/resource/pubchem_compound/11258227	
250		gene	AR	http://chem2bio2rdf.org/uniprot/resource/gene/AR	AR
251		gene	UGT1A1	http://chem2bio2rdf.org/uniprot/resource/gene/UGT1A1	UGT1A1
252	http://chem2bio2rdf.org/pubchem/resource/pubchem_compound/5362440 http://chem2bio2rdf.org/pubchem/resource/pubchem_compound/12560	pubchem_compound	5991	http://chem2bio2rdf.org/pubchem/resource/pubchem_compound/5991	
253		pubchem_compound	10192730	http://chem2bio2rdf.org/pubchem/resource/pubchem_compound/10192730	
254	http://chem2bio2rdf.org/uniprot/resource/gene/NR1I3	gene	ESR2(1)	http://chem2bio2rdf.org/uniprot/resource/gene/ESR2	ESR2
255		gene	NR1I2	http://chem2bio2rdf.org/uniprot/resource/gene/NR1I2	NR1I2
256		gene	NR1I3	http://chem2bio2rdf.org/uniprot/resource/gene/NR1I3	NR1I3
257	http://chem2bio2rdf.org/pubchem/resource/pubchem_compound/55245	pubchem_compound	445154(1)	http://chem2bio2rdf.org/pubchem/resource/pubchem_compound/445154	
258	http://chem2bio2rdf.org/pubchem/resource/pubchem_compound/2520 http://chem2bio2rdf.org/pubchem/resource/pubchem_compound/5743 http://chem2bio2rdf.org/pubchem/resource/pubchem_compound/5381226	pubchem_compound	2733526	http://chem2bio2rdf.org/pubchem/resource/pubchem_compound/2733526	
259		omim_disease	773	http://chem2bio2rdf.org/omim/resource/omim_disease/773	
260	http://chem2bio2rdf.org/pubchem/resource/pubchem_compound/5382	pubchem_compound	5994	http://chem2bio2rdf.org/pubchem/resource/pubchem_compound/5994	
261		gene	SHBG	http://chem2bio2rdf.org/uniprot/resource/gene/SHBG	SHBG
262		gene	CYP3A	http://chem2bio2rdf.org/uniprot/resource/gene/CYP3A	CYP3A
263		pubchem_compound	9919	http://chem2bio2rdf.org/pubchem/resource/pubchem_compound/9919	
264	http://chem2bio2rdf.org/chebi/resource/chebi/CHEBI:50112 http://chem2bio2rdf.org/chebi/resource/chebi/CHEBI:35343 http://chem2bio2rdf.org/chebi/resource/chebi/CHEBI:26764	chebi	CHEBI:50114	http://chem2bio2rdf.org/chebi/resource/chebi/CHEBI:50114	
265	http://chem2bio2rdf.org/pubchem/resource/pubchem_compound/3715	pubchem_compound	5280961(1)	http://chem2bio2rdf.org/pubchem/resource/pubchem_compound/5280961	
266		gene	ABCC2	http://chem2bio2rdf.org/uniprot/resource/gene/ABCC2	ABCC2
267		pubchem_compound	5870	http://chem2bio2rdf.org/pubchem/resource/pubchem_compound/5870	
268	http://chem2bio2rdf.org/uniprot/resource/gene/CYP1A2	gene	CYP2C19	http://chem2bio2rdf.org/uniprot/resource/gene/CYP2C19	CYP2C19
269		pubchem_compound	4115	http://chem2bio2rdf.org/pubchem/resource/pubchem_compound/4115	
270	http://chem2bio2rdf.org/uniprot/resource/gene/PDZK1	gene	GOPC(1)	http://chem2bio2rdf.org/uniprot/resource/gene/GOPC	GOPC
271		gene	SLC9A3R2	http://chem2bio2rdf.org/uniprot/resource/gene/SLC9A3R2	SLC9A3R2
272	http://chem2bio2rdf.org/pubchem/resource/pubchem_compound/387316 http://chem2bio2rdf.org/pubchem/resource/pubchem_compound/234096 http://chem2bio2rdf.org/pubchem/resource/pubchem_compound/31401 http://chem2bio2rdf.org/pubchem/resource/pubchem_compound/3034759 http://chem2bio2rdf.org/pubchem/resource/pubchem_compound/2763 http://chem2bio2rdf.org/pubchem/resource/pubchem_compound/168408 http://chem2bio2rdf.org/pubchem/resource/pubchem_compound/5833	pubchem_compound	5754(7)	http://chem2bio2rdf.org/pubchem/resource/pubchem_compound/5754	
273	http://chem2bio2rdf.org/pubchem/resource/pubchem_compound/5280961	pubchem_compound	47936	http://chem2bio2rdf.org/pubchem/resource/pubchem_compound/47936	
274	http://chem2bio2rdf.org/pubchem/resource/pubchem_compound/5381226	pubchem_compound	15032(1)	http://chem2bio2rdf.org/pubchem/resource/pubchem_compound/15032	
275	http://chem2bio2rdf.org/pubchem/resource/pubchem_compound/6450277 http://chem2bio2rdf.org/pubchem/resource/pubchem_compound/16734800 http://chem2bio2rdf.org/pubchem/resource/pubchem_compound/6510278	pubchem_compound	10874817(3)	http://chem2bio2rdf.org/pubchem/resource/pubchem_compound/10874817	
276		pubchem_compound	44559682	http://chem2bio2rdf.org/pubchem/resource/pubchem_compound/44559682	
277	http://chem2bio2rdf.org/pubchem/resource/pubchem_compound/34466 http://chem2bio2rdf.org/pubchem/resource/pubchem_compound/4115	pubchem_compound	2812	http://chem2bio2rdf.org/pubchem/resource/pubchem_compound/2812	
278		pubchem_compound	16214849	http://chem2bio2rdf.org/pubchem/resource/pubchem_compound/16214849	
279		GO	GO:0004879	http://bio2rdf.org/GO/GO:0004879	
280		gene	POU1F1	http://chem2bio2rdf.org/uniprot/resource/gene/POU1F1	POU1F1
281		pubchem_compound	4485	http://chem2bio2rdf.org/pubchem/resource/pubchem_compound/4485	
282	http://chem2bio2rdf.org/pubchem/resource/pubchem_compound/2733526 http://chem2bio2rdf.org/pubchem/resource/pubchem_compound/42626024	pubchem_compound	24871527	http://chem2bio2rdf.org/pubchem/resource/pubchem_compound/24871527	
283	http://chem2bio2rdf.org/uniprot/resource/gene/NR1I2	gene	CYP1A2	http://chem2bio2rdf.org/uniprot/resource/gene/CYP1A2	CYP1A2
284		pubchem_compound	4594	http://chem2bio2rdf.org/pubchem/resource/pubchem_compound/4594	
285		pubchem_compound	132496	http://chem2bio2rdf.org/pubchem/resource/pubchem_compound/132496	
286		gene	CKM	http://chem2bio2rdf.org/uniprot/resource/gene/CKM	CKM
287	http://chem2bio2rdf.org/chebi/resource/chebi/CHEBI:35604 http://chem2bio2rdf.org/chebi/resource/chebi/CHEBI:35605 http://chem2bio2rdf.org/chebi/resource/chebi/CHEBI:36961 http://chem2bio2rdf.org/chebi/resource/chebi/CHEBI:17544 http://chem2bio2rdf.org/chebi/resource/chebi/CHEBI:16199 http://chem2bio2rdf.org/chebi/resource/chebi/CHEBI:48376 http://chem2bio2rdf.org/chebi/resource/chebi/CHEBI:29201 http://chem2bio2rdf.org/chebi/resource/chebi/CHEBI:48379 http://chem2bio2rdf.org/chebi/resource/chebi/CHEBI:28976	chebi	CHEBI:36947(9)	http://chem2bio2rdf.org/chebi/resource/chebi/CHEBI:36947	
288		pubchem_compound	93504	http://chem2bio2rdf.org/pubchem/resource/pubchem_compound/93504	
289		pubchem_compound	3037766	http://chem2bio2rdf.org/pubchem/resource/pubchem_compound/3037766	
290	http://bio2rdf.org/GO/GO:0030315	GO	GO:0005244	http://bio2rdf.org/GO/GO:0005244	
291	http://chem2bio2rdf.org/pubchem/resource/pubchem_compound/44379806 http://chem2bio2rdf.org/pubchem/resource/pubchem_compound/9900730 http://chem2bio2rdf.org/pubchem/resource/pubchem_compound/219048 http://chem2bio2rdf.org/pubchem/resource/pubchem_compound/44379586 http://chem2bio2rdf.org/pubchem/resource/pubchem_compound/11631402 http://chem2bio2rdf.org/pubchem/resource/pubchem_compound/10215525 http://chem2bio2rdf.org/pubchem/resource/pubchem_compound/9814249 http://chem2bio2rdf.org/pubchem/resource/pubchem_compound/11696064 http://chem2bio2rdf.org/pubchem/resource/pubchem_compound/9974946 http://chem2bio2rdf.org/pubchem/resource/pubchem_compound/10265073 http://chem2bio2rdf.org/pubchem/resource/pubchem_compound/44379784 http://chem2bio2rdf.org/pubchem/resource/pubchem_compound/21197802 http://chem2bio2rdf.org/pubchem/resource/pubchem_compound/11617156 http://chem2bio2rdf.org/pubchem/resource/pubchem_compound/9966294 http://chem2bio2rdf.org/pubchem/resource/pubchem_compound/9835694 http://chem2bio2rdf.org/pubchem/resource/pubchem_compound/824060 http://chem2bio2rdf.org/pubchem/resource/pubchem_compound/11778085 http://chem2bio2rdf.org/pubchem/resource/pubchem_compound/44331875 http://chem2bio2rdf.org/pubchem/resource/pubchem_compound/9994121 http://chem2bio2rdf.org/pubchem/resource/pubchem_compound/11230479 http://chem2bio2rdf.org/pubchem/resource/pubchem_compound/9922629 http://chem2bio2rdf.org/pubchem/resource/pubchem_compound/9948052 http://chem2bio2rdf.org/pubchem/resource/pubchem_compound/3047758	pubchem_compound	10221321(23)	http://chem2bio2rdf.org/pubchem/resource/pubchem_compound/10221321	
292		gene	KCNJ5	http://chem2bio2rdf.org/uniprot/resource/gene/KCNJ5	KCNJ5
293		gene	KCNJ2	http://chem2bio2rdf.org/uniprot/resource/gene/KCNJ2	KCNJ2
294		pubchem_compound	28417	http://chem2bio2rdf.org/pubchem/resource/pubchem_compound/28417	
295	http://chem2bio2rdf.org/chebi/resource/chebi/CHEBI:33280 http://chem2bio2rdf.org/chebi/resource/chebi/CHEBI:24621 http://chem2bio2rdf.org/chebi/resource/chebi/CHEBI:48705	chebi	CHEBI:25054(3)	http://chem2bio2rdf.org/chebi/resource/chebi/CHEBI:25054	
296	http://chem2bio2rdf.org/pubchem/resource/pubchem_compound/10635 http://chem2bio2rdf.org/pubchem/resource/pubchem_compound/261000 http://chem2bio2rdf.org/pubchem/resource/pubchem_compound/1752	pubchem_compound	147320(3)	http://chem2bio2rdf.org/pubchem/resource/pubchem_compound/147320	
297		pubchem_compound	13109	http://chem2bio2rdf.org/pubchem/resource/pubchem_compound/13109	
298	http://chem2bio2rdf.org/chebi/resource/chebi/CHEBI:50112 http://chem2bio2rdf.org/chebi/resource/chebi/CHEBI:48705 http://chem2bio2rdf.org/chebi/resource/chebi/CHEBI:35343 http://chem2bio2rdf.org/chebi/resource/chebi/CHEBI:35350 http://chem2bio2rdf.org/chebi/resource/chebi/CHEBI:33280	chebi	CHEBI:24621(5)	http://chem2bio2rdf.org/chebi/resource/chebi/CHEBI:24621	
299		chebi	CHEBI:36838	http://chem2bio2rdf.org/chebi/resource/chebi/CHEBI:36838	
300		gene	ESR1	http://chem2bio2rdf.org/uniprot/resource/gene/ESR1	ESR1
301		chebi	CHEBI:50112	http://chem2bio2rdf.org/chebi/resource/chebi/CHEBI:50112	
302		chebi	CHEBI:48705	http://chem2bio2rdf.org/chebi/resource/chebi/CHEBI:48705	
303		pubchem_compound	6230	http://chem2bio2rdf.org/pubchem/resource/pubchem_compound/6230	
304		substructure	Alkynes	http://chem2bio2rdf.org/drugbank/resource/substructure/Alkynes	
305	http://chem2bio2rdf.org/chebi/resource/chebi/CHEBI:50114 http://chem2bio2rdf.org/chebi/resource/chebi/CHEBI:26764	chebi	CHEBI:35343(2)	http://chem2bio2rdf.org/chebi/resource/chebi/CHEBI:35343	
306		pubchem_compound	224004	http://chem2bio2rdf.org/pubchem/resource/pubchem_compound/224004	
307	http://chem2bio2rdf.org/drugbank/resource/substructure/Cyclohexenes_and_Derivatives	substructure	Steroids_and_Steroid_Derivatives(1)	http://chem2bio2rdf.org/drugbank/resource/substructure/Steroids_and_Steroid_Derivatives	
308		pubchem_compound	242332	http://chem2bio2rdf.org/pubchem/resource/pubchem_compound/242332	
309		pubchem_compound	6446	http://chem2bio2rdf.org/pubchem/resource/pubchem_compound/6446	
310	http://chem2bio2rdf.org/chebi/resource/chebi/CHEBI:48705	chebi	CHEBI:33280(1)	http://chem2bio2rdf.org/chebi/resource/chebi/CHEBI:33280	
311		chebi	CHEBI:26764	http://chem2bio2rdf.org/chebi/resource/chebi/CHEBI:26764	
312		chebi	CHEBI:26768	http://chem2bio2rdf.org/chebi/resource/chebi/CHEBI:26768	
313		chebi	CHEBI:35350	http://chem2bio2rdf.org/chebi/resource/chebi/CHEBI:35350	
314		substructure	Phenanthrenes	http://chem2bio2rdf.org/drugbank/resource/substructure/Phenanthrenes	
315		GO	GO:0006813	http://bio2rdf.org/GO/GO:0006813	
316	http://chem2bio2rdf.org/pubchem/resource/pubchem_compound/1150344 http://chem2bio2rdf.org/pubchem/resource/pubchem_compound/6604598 http://chem2bio2rdf.org/pubchem/resource/pubchem_compound/398788 http://chem2bio2rdf.org/pubchem/resource/pubchem_compound/3246111 http://chem2bio2rdf.org/pubchem/resource/pubchem_compound/5391151 http://chem2bio2rdf.org/pubchem/resource/pubchem_compound/3247186 http://chem2bio2rdf.org/pubchem/resource/pubchem_compound/3235156 http://chem2bio2rdf.org/pubchem/resource/pubchem_compound/6604725 http://chem2bio2rdf.org/pubchem/resource/pubchem_compound/6604451 http://chem2bio2rdf.org/pubchem/resource/pubchem_compound/5771783 http://chem2bio2rdf.org/pubchem/resource/pubchem_compound/6604452 http://chem2bio2rdf.org/pubchem/resource/pubchem_compound/5771786 http://chem2bio2rdf.org/pubchem/resource/pubchem_compound/185838 http://chem2bio2rdf.org/pubchem/resource/pubchem_compound/62824 http://chem2bio2rdf.org/pubchem/resource/pubchem_compound/2735313 http://chem2bio2rdf.org/pubchem/resource/pubchem_compound/3247107 http://chem2bio2rdf.org/pubchem/resource/pubchem_compound/3234548 http://chem2bio2rdf.org/pubchem/resource/pubchem_compound/6540914 http://chem2bio2rdf.org/pubchem/resource/pubchem_compound/210230 http://chem2bio2rdf.org/pubchem/resource/pubchem_compound/3247139 http://chem2bio2rdf.org/pubchem/resource/pubchem_compound/676035 http://chem2bio2rdf.org/pubchem/resource/pubchem_compound/6604902 http://chem2bio2rdf.org/pubchem/resource/pubchem_compound/3932 http://chem2bio2rdf.org/pubchem/resource/pubchem_compound/6604309 http://chem2bio2rdf.org/pubchem/resource/pubchem_compound/319187 http://chem2bio2rdf.org/pubchem/resource/pubchem_compound/6604421 http://chem2bio2rdf.org/pubchem/resource/pubchem_compound/245251 http://chem2bio2rdf.org/pubchem/resource/pubchem_compound/221012 http://chem2bio2rdf.org/pubchem/resource/pubchem_compound/60602 http://chem2bio2rdf.org/pubchem/resource/pubchem_compound/19790 http://chem2bio2rdf.org/pubchem/resource/pubchem_compound/6603986 http://chem2bio2rdf.org/pubchem/resource/pubchem_compound/6604394 http://chem2bio2rdf.org/pubchem/resource/pubchem_compound/6604016 http://chem2bio2rdf.org/pubchem/resource/pubchem_compound/3246339 http://chem2bio2rdf.org/pubchem/resource/pubchem_compound/6603826 http://chem2bio2rdf.org/pubchem/resource/pubchem_compound/6604794 http://chem2bio2rdf.org/pubchem/resource/pubchem_compound/6604866 http://chem2bio2rdf.org/pubchem/resource/pubchem_compound/6564523 http://chem2bio2rdf.org/pubchem/resource/pubchem_compound/3247366 http://chem2bio2rdf.org/pubchem/resource/pubchem_compound/6604625 http://chem2bio2rdf.org/pubchem/resource/pubchem_compound/3235175 http://chem2bio2rdf.org/pubchem/resource/pubchem_compound/124049 http://chem2bio2rdf.org/pubchem/resource/pubchem_compound/100633 http://chem2bio2rdf.org/pubchem/resource/pubchem_compound/442247 http://chem2bio2rdf.org/pubchem/resource/pubchem_compound/5771800 http://chem2bio2rdf.org/pubchem/resource/pubchem_compound/6604092 http://chem2bio2rdf.org/pubchem/resource/pubchem_compound/3247292 http://chem2bio2rdf.org/pubchem/resource/pubchem_compound/3247291 http://chem2bio2rdf.org/pubchem/resource/pubchem_compound/3234407 http://chem2bio2rdf.org/pubchem/resource/pubchem_compound/3247211 http://chem2bio2rdf.org/pubchem/resource/pubchem_compound/157702 http://chem2bio2rdf.org/pubchem/resource/pubchem_compound/157704 http://chem2bio2rdf.org/pubchem/resource/pubchem_compound/6603948 http://chem2bio2rdf.org/pubchem/resource/pubchem_compound/4564402 http://chem2bio2rdf.org/pubchem/resource/pubchem_compound/3467590 http://chem2bio2rdf.org/pubchem/resource/pubchem_compound/6603728 http://chem2bio2rdf.org/pubchem/resource/pubchem_compound/3233257 http://chem2bio2rdf.org/pubchem/resource/pubchem_compound/3235451 http://chem2bio2rdf.org/pubchem/resource/pubchem_compound/6604734 http://chem2bio2rdf.org/pubchem/resource/pubchem_compound/6604735 http://chem2bio2rdf.org/pubchem/resource/pubchem_compound/5322064 http://chem2bio2rdf.org/pubchem/resource/pubchem_compound/5771792 http://chem2bio2rdf.org/pubchem/resource/pubchem_compound/3235515 http://chem2bio2rdf.org/pubchem/resource/pubchem_compound/5771799 http://chem2bio2rdf.org/pubchem/resource/pubchem_compound/322968 http://chem2bio2rdf.org/pubchem/resource/pubchem_compound/3233890 http://chem2bio2rdf.org/pubchem/resource/pubchem_compound/3234412 http://chem2bio2rdf.org/pubchem/resource/pubchem_compound/3423 http://chem2bio2rdf.org/pubchem/resource/pubchem_compound/250569 http://chem2bio2rdf.org/pubchem/resource/pubchem_compound/6603918 http://chem2bio2rdf.org/pubchem/resource/pubchem_compound/6604881 http://chem2bio2rdf.org/pubchem/resource/pubchem_compound/7329 http://chem2bio2rdf.org/pubchem/resource/pubchem_compound/101612 http://chem2bio2rdf.org/pubchem/resource/pubchem_compound/6604608 http://chem2bio2rdf.org/pubchem/resource/pubchem_compound/4788 http://chem2bio2rdf.org/pubchem/resource/pubchem_compound/6603770 http://chem2bio2rdf.org/pubchem/resource/pubchem_compound/3247303 http://chem2bio2rdf.org/pubchem/resource/pubchem_compound/6604687 http://chem2bio2rdf.org/pubchem/resource/pubchem_compound/3232722 http://chem2bio2rdf.org/pubchem/resource/pubchem_compound/3234061 http://chem2bio2rdf.org/pubchem/resource/pubchem_compound/6604688 http://chem2bio2rdf.org/pubchem/resource/pubchem_compound/6419892 http://chem2bio2rdf.org/pubchem/resource/pubchem_compound/3233607 http://chem2bio2rdf.org/pubchem/resource/pubchem_compound/3235190 http://chem2bio2rdf.org/pubchem/resource/pubchem_compound/9595233 http://chem2bio2rdf.org/pubchem/resource/pubchem_compound/676309 http://chem2bio2rdf.org/pubchem/resource/pubchem_compound/676307 http://chem2bio2rdf.org/pubchem/resource/pubchem_compound/122070 http://chem2bio2rdf.org/pubchem/resource/pubchem_compound/275196 http://chem2bio2rdf.org/pubchem/resource/pubchem_compound/3247271 http://chem2bio2rdf.org/pubchem/resource/pubchem_compound/5771830 http://chem2bio2rdf.org/pubchem/resource/pubchem_compound/5771838 http://chem2bio2rdf.org/pubchem/resource/pubchem_compound/3235436 http://chem2bio2rdf.org/pubchem/resource/pubchem_compound/6604695 http://chem2bio2rdf.org/pubchem/resource/pubchem_compound/3085218 http://chem2bio2rdf.org/pubchem/resource/pubchem_compound/6604753 http://chem2bio2rdf.org/pubchem/resource/pubchem_compound/31411 http://chem2bio2rdf.org/pubchem/resource/pubchem_compound/3246275 http://chem2bio2rdf.org/pubchem/resource/pubchem_compound/3234475 http://chem2bio2rdf.org/pubchem/resource/pubchem_compound/3247283 http://chem2bio2rdf.org/pubchem/resource/pubchem_compound/3247320 http://chem2bio2rdf.org/pubchem/resource/pubchem_compound/6604933 http://chem2bio2rdf.org/pubchem/resource/pubchem_compound/3246032 http://chem2bio2rdf.org/pubchem/resource/pubchem_compound/4552 http://chem2bio2rdf.org/pubchem/resource/pubchem_compound/3246542 http://chem2bio2rdf.org/pubchem/resource/pubchem_compound/3246543 http://chem2bio2rdf.org/pubchem/resource/pubchem_compound/224978 http://chem2bio2rdf.org/pubchem/resource/pubchem_compound/3247089 http://chem2bio2rdf.org/pubchem/resource/pubchem_compound/6604820 http://chem2bio2rdf.org/pubchem/resource/pubchem_compound/656767 http://chem2bio2rdf.org/pubchem/resource/pubchem_compound/3247085 http://chem2bio2rdf.org/pubchem/resource/pubchem_compound/5771842 http://chem2bio2rdf.org/pubchem/resource/pubchem_compound/5771843 http://chem2bio2rdf.org/pubchem/resource/pubchem_compound/1126532 http://chem2bio2rdf.org/pubchem/resource/pubchem_compound/389769 http://chem2bio2rdf.org/pubchem/resource/pubchem_compound/3233351 http://chem2bio2rdf.org/pubchem/resource/pubchem_compound/5361192 http://chem2bio2rdf.org/pubchem/resource/pubchem_compound/6604385 http://chem2bio2rdf.org/pubchem/resource/pubchem_compound/47528 http://chem2bio2rdf.org/pubchem/resource/pubchem_compound/161930 http://chem2bio2rdf.org/pubchem/resource/pubchem_compound/157132 http://chem2bio2rdf.org/pubchem/resource/pubchem_compound/3233456 http://chem2bio2rdf.org/pubchem/resource/pubchem_compound/3247151 http://chem2bio2rdf.org/pubchem/resource/pubchem_compound/128618 http://chem2bio2rdf.org/pubchem/resource/pubchem_compound/107896 http://chem2bio2rdf.org/pubchem/resource/pubchem_compound/6604668 http://chem2bio2rdf.org/pubchem/resource/pubchem_compound/6604771 http://chem2bio2rdf.org/pubchem/resource/pubchem_compound/3247098 http://chem2bio2rdf.org/pubchem/resource/pubchem_compound/5771593 http://chem2bio2rdf.org/pubchem/resource/pubchem_compound/1795902 http://chem2bio2rdf.org/pubchem/resource/pubchem_compound/5771846 http://chem2bio2rdf.org/pubchem/resource/pubchem_compound/6604781 http://chem2bio2rdf.org/pubchem/resource/pubchem_compound/3233859 http://chem2bio2rdf.org/pubchem/resource/pubchem_compound/3233526 http://chem2bio2rdf.org/pubchem/resource/pubchem_compound/3247319 http://chem2bio2rdf.org/pubchem/resource/pubchem_compound/3232738 http://chem2bio2rdf.org/pubchem/resource/pubchem_compound/5771844 http://chem2bio2rdf.org/pubchem/resource/pubchem_compound/6604378 http://chem2bio2rdf.org/pubchem/resource/pubchem_compound/409027 http://chem2bio2rdf.org/pubchem/resource/pubchem_compound/3233750 http://chem2bio2rdf.org/pubchem/resource/pubchem_compound/6604176 http://chem2bio2rdf.org/pubchem/resource/pubchem_compound/9595227 http://chem2bio2rdf.org/pubchem/resource/pubchem_compound/16677983 http://chem2bio2rdf.org/pubchem/resource/pubchem_compound/476416	pubchem_compound	6603881(144)	http://chem2bio2rdf.org/pubchem/resource/pubchem_compound/6603881	
317		pubchem_compound	3293	http://chem2bio2rdf.org/pubchem/resource/pubchem_compound/3293	
318		gene	GAS6	http://chem2bio2rdf.org/uniprot/resource/gene/GAS6	GAS6
319		gene	CCNB1	http://chem2bio2rdf.org/uniprot/resource/gene/CCNB1	CCNB1
320		gene	CCND3	http://chem2bio2rdf.org/uniprot/resource/gene/CCND3	CCND3
321		GO	GO:0000307	http://bio2rdf.org/GO/GO:0000307	
322		gene	CDKN1A	http://chem2bio2rdf.org/uniprot/resource/gene/CDKN1A	CDKN1A
323		pubchem_compound	3035200	http://chem2bio2rdf.org/pubchem/resource/pubchem_compound/3035200	
324	http://chem2bio2rdf.org/pubchem/resource/pubchem_compound/9900730 http://chem2bio2rdf.org/pubchem/resource/pubchem_compound/10810351 http://chem2bio2rdf.org/pubchem/resource/pubchem_compound/219048 http://chem2bio2rdf.org/pubchem/resource/pubchem_compound/9819831 http://chem2bio2rdf.org/pubchem/resource/pubchem_compound/9797402 http://chem2bio2rdf.org/pubchem/resource/pubchem_compound/5240098 http://chem2bio2rdf.org/pubchem/resource/pubchem_compound/10620857 http://chem2bio2rdf.org/pubchem/resource/pubchem_compound/10500343 http://chem2bio2rdf.org/pubchem/resource/pubchem_compound/44361253 http://chem2bio2rdf.org/pubchem/resource/pubchem_compound/10045948 http://chem2bio2rdf.org/pubchem/resource/pubchem_compound/9862760 http://chem2bio2rdf.org/pubchem/resource/pubchem_compound/44361142 http://chem2bio2rdf.org/pubchem/resource/pubchem_compound/9922629 http://chem2bio2rdf.org/pubchem/resource/pubchem_compound/10644163 http://chem2bio2rdf.org/pubchem/resource/pubchem_compound/44379586 http://chem2bio2rdf.org/pubchem/resource/pubchem_compound/11631402 http://chem2bio2rdf.org/pubchem/resource/pubchem_compound/10431921 http://chem2bio2rdf.org/pubchem/resource/pubchem_compound/10667926 http://chem2bio2rdf.org/pubchem/resource/pubchem_compound/9947948 http://chem2bio2rdf.org/pubchem/resource/pubchem_compound/10760503 http://chem2bio2rdf.org/pubchem/resource/pubchem_compound/10738538 http://chem2bio2rdf.org/pubchem/resource/pubchem_compound/9966294 http://chem2bio2rdf.org/pubchem/resource/pubchem_compound/10022595 http://chem2bio2rdf.org/pubchem/resource/pubchem_compound/9864353 http://chem2bio2rdf.org/pubchem/resource/pubchem_compound/21183546 http://chem2bio2rdf.org/pubchem/resource/pubchem_compound/10834988 http://chem2bio2rdf.org/pubchem/resource/pubchem_compound/10690586 http://chem2bio2rdf.org/pubchem/resource/pubchem_compound/10787333 http://chem2bio2rdf.org/pubchem/resource/pubchem_compound/10341099 http://chem2bio2rdf.org/pubchem/resource/pubchem_compound/9930941 http://chem2bio2rdf.org/pubchem/resource/pubchem_compound/10522137 http://chem2bio2rdf.org/pubchem/resource/pubchem_compound/10667925 http://chem2bio2rdf.org/pubchem/resource/pubchem_compound/10501033 http://chem2bio2rdf.org/pubchem/resource/pubchem_compound/3019 http://chem2bio2rdf.org/pubchem/resource/pubchem_compound/10621914 http://chem2bio2rdf.org/pubchem/resource/pubchem_compound/10456839 http://chem2bio2rdf.org/pubchem/resource/pubchem_compound/10737609 http://chem2bio2rdf.org/pubchem/resource/pubchem_compound/10809911 http://chem2bio2rdf.org/pubchem/resource/pubchem_compound/9948658 http://chem2bio2rdf.org/pubchem/resource/pubchem_compound/10318275 http://chem2bio2rdf.org/pubchem/resource/pubchem_compound/10455786 http://chem2bio2rdf.org/pubchem/resource/pubchem_compound/10572530 http://chem2bio2rdf.org/pubchem/resource/pubchem_compound/71191 http://chem2bio2rdf.org/pubchem/resource/pubchem_compound/9835694 http://chem2bio2rdf.org/pubchem/resource/pubchem_compound/10620412 http://chem2bio2rdf.org/pubchem/resource/pubchem_compound/9814249 http://chem2bio2rdf.org/pubchem/resource/pubchem_compound/9799336 http://chem2bio2rdf.org/pubchem/resource/pubchem_compound/9950829 http://chem2bio2rdf.org/pubchem/resource/pubchem_compound/9864804 http://chem2bio2rdf.org/pubchem/resource/pubchem_compound/10667106 http://chem2bio2rdf.org/pubchem/resource/pubchem_compound/10643113 http://chem2bio2rdf.org/pubchem/resource/pubchem_compound/10249251 http://chem2bio2rdf.org/pubchem/resource/pubchem_compound/10546096 http://chem2bio2rdf.org/pubchem/resource/pubchem_compound/10834192 http://chem2bio2rdf.org/pubchem/resource/pubchem_compound/4397986 http://chem2bio2rdf.org/pubchem/resource/pubchem_compound/10547789 http://chem2bio2rdf.org/pubchem/resource/pubchem_compound/10692234 http://chem2bio2rdf.org/pubchem/resource/pubchem_compound/11696064 http://chem2bio2rdf.org/pubchem/resource/pubchem_compound/10321411 http://chem2bio2rdf.org/pubchem/resource/pubchem_compound/10451456 http://chem2bio2rdf.org/pubchem/resource/pubchem_compound/10621403 http://chem2bio2rdf.org/pubchem/resource/pubchem_compound/10761999 http://chem2bio2rdf.org/pubchem/resource/pubchem_compound/10365187 http://chem2bio2rdf.org/pubchem/resource/pubchem_compound/9974946 http://chem2bio2rdf.org/pubchem/resource/pubchem_compound/10831890 http://chem2bio2rdf.org/pubchem/resource/pubchem_compound/10644842 http://chem2bio2rdf.org/pubchem/resource/pubchem_compound/10221321 http://chem2bio2rdf.org/pubchem/resource/pubchem_compound/9799392 http://chem2bio2rdf.org/pubchem/resource/pubchem_compound/10265073 http://chem2bio2rdf.org/pubchem/resource/pubchem_compound/10713175 http://chem2bio2rdf.org/pubchem/resource/pubchem_compound/44293670 http://chem2bio2rdf.org/pubchem/resource/pubchem_compound/10811387 http://chem2bio2rdf.org/pubchem/resource/pubchem_compound/3037766 http://chem2bio2rdf.org/pubchem/resource/pubchem_compound/44379784 http://chem2bio2rdf.org/pubchem/resource/pubchem_compound/10524485 http://chem2bio2rdf.org/pubchem/resource/pubchem_compound/21197802 http://chem2bio2rdf.org/pubchem/resource/pubchem_compound/11617156 http://chem2bio2rdf.org/pubchem/resource/pubchem_compound/10810245 http://chem2bio2rdf.org/pubchem/resource/pubchem_compound/177852 http://chem2bio2rdf.org/pubchem/resource/pubchem_compound/10572397 http://chem2bio2rdf.org/pubchem/resource/pubchem_compound/824060 http://chem2bio2rdf.org/pubchem/resource/pubchem_compound/10215525 http://chem2bio2rdf.org/pubchem/resource/pubchem_compound/10761920 http://chem2bio2rdf.org/pubchem/resource/pubchem_compound/10784372 http://chem2bio2rdf.org/pubchem/resource/pubchem_compound/9886164 http://chem2bio2rdf.org/pubchem/resource/pubchem_compound/9885495 http://chem2bio2rdf.org/pubchem/resource/pubchem_compound/10787580 http://chem2bio2rdf.org/pubchem/resource/pubchem_compound/11778085 http://chem2bio2rdf.org/pubchem/resource/pubchem_compound/44331875 http://chem2bio2rdf.org/pubchem/resource/pubchem_compound/9994121 http://chem2bio2rdf.org/pubchem/resource/pubchem_compound/11230479 http://chem2bio2rdf.org/pubchem/resource/pubchem_compound/10433766 http://chem2bio2rdf.org/pubchem/resource/pubchem_compound/10362210 http://chem2bio2rdf.org/pubchem/resource/pubchem_compound/9800873 http://chem2bio2rdf.org/pubchem/resource/pubchem_compound/9865602 http://chem2bio2rdf.org/pubchem/resource/pubchem_compound/10834289 http://chem2bio2rdf.org/pubchem/resource/pubchem_compound/9948052 http://chem2bio2rdf.org/pubchem/resource/pubchem_compound/11508571 http://chem2bio2rdf.org/pubchem/resource/pubchem_compound/10068147 http://chem2bio2rdf.org/pubchem/resource/pubchem_compound/3047758 http://chem2bio2rdf.org/pubchem/resource/pubchem_compound/9841562	pubchem_compound	44379806(101)	http://chem2bio2rdf.org/pubchem/resource/pubchem_compound/44379806	
325		GO	GO:0005242	http://bio2rdf.org/GO/GO:0005242	
326	http://chem2bio2rdf.org/pubchem/resource/pubchem_compound/441243	pubchem_compound	5342(1)	http://chem2bio2rdf.org/pubchem/resource/pubchem_compound/5342	
327	http://chem2bio2rdf.org/pubchem/resource/pubchem_compound/78160	pubchem_compound	4763(1)	http://chem2bio2rdf.org/pubchem/resource/pubchem_compound/4763	
328	http://chem2bio2rdf.org/pubchem/resource/pubchem_compound/3033	pubchem_compound	3121(1)	http://chem2bio2rdf.org/pubchem/resource/pubchem_compound/3121	
329		pubchem_compound	89594	http://chem2bio2rdf.org/pubchem/resource/pubchem_compound/89594	
330		pubchem_compound	456201	http://chem2bio2rdf.org/pubchem/resource/pubchem_compound/456201	
331		pubchem_compound	1775	http://chem2bio2rdf.org/pubchem/resource/pubchem_compound/1775	
332		pubchem_compound	6540478	http://chem2bio2rdf.org/pubchem/resource/pubchem_compound/6540478	
333		pubchem_compound	55245	http://chem2bio2rdf.org/pubchem/resource/pubchem_compound/55245	
334		pubchem_compound	5833	http://chem2bio2rdf.org/pubchem/resource/pubchem_compound/5833	
335		gene	SLCO1B1	http://chem2bio2rdf.org/uniprot/resource/gene/SLCO1B1	SLCO1B1
336	http://chem2bio2rdf.org/pubchem/resource/pubchem_compound/122068 http://chem2bio2rdf.org/pubchem/resource/pubchem_compound/42626024 http://chem2bio2rdf.org/pubchem/resource/pubchem_compound/16745311 http://chem2bio2rdf.org/pubchem/resource/pubchem_compound/44428924 http://chem2bio2rdf.org/pubchem/resource/pubchem_compound/16099905 http://chem2bio2rdf.org/pubchem/resource/pubchem_compound/24871527 http://chem2bio2rdf.org/pubchem/resource/pubchem_compound/44192200 http://chem2bio2rdf.org/pubchem/resource/pubchem_compound/16072099	pubchem_compound	2165	http://chem2bio2rdf.org/pubchem/resource/pubchem_compound/2165	
337	http://chem2bio2rdf.org/pubchem/resource/pubchem_compound/122068 http://chem2bio2rdf.org/pubchem/resource/pubchem_compound/16745311 http://chem2bio2rdf.org/pubchem/resource/pubchem_compound/24871527 http://chem2bio2rdf.org/pubchem/resource/pubchem_compound/44428924 http://chem2bio2rdf.org/pubchem/resource/pubchem_compound/16099905 http://chem2bio2rdf.org/pubchem/resource/pubchem_compound/53232 http://chem2bio2rdf.org/pubchem/resource/pubchem_compound/42626024 http://chem2bio2rdf.org/pubchem/resource/pubchem_compound/44192200 http://chem2bio2rdf.org/pubchem/resource/pubchem_compound/16072099	pubchem_compound	5505	http://chem2bio2rdf.org/pubchem/resource/pubchem_compound/5505	
338		gene	SLC22A1	http://chem2bio2rdf.org/uniprot/resource/gene/SLC22A1	SLC22A1
339		pubchem_compound	53232	http://chem2bio2rdf.org/pubchem/resource/pubchem_compound/53232	
340	http://chem2bio2rdf.org/pubchem/resource/pubchem_compound/985	pubchem_compound	3672	http://chem2bio2rdf.org/pubchem/resource/pubchem_compound/3672	
341	http://chem2bio2rdf.org/pubchem/resource/pubchem_compound/24754344 http://chem2bio2rdf.org/pubchem/resource/pubchem_compound/44367711 http://chem2bio2rdf.org/pubchem/resource/pubchem_compound/44366980 http://chem2bio2rdf.org/pubchem/resource/pubchem_compound/2727594 http://chem2bio2rdf.org/pubchem/resource/pubchem_compound/11962967 http://chem2bio2rdf.org/pubchem/resource/pubchem_compound/148201 http://chem2bio2rdf.org/pubchem/resource/pubchem_compound/20763385 http://chem2bio2rdf.org/pubchem/resource/pubchem_compound/25180108 http://chem2bio2rdf.org/pubchem/resource/pubchem_compound/3404 http://chem2bio2rdf.org/pubchem/resource/pubchem_compound/3012027 http://chem2bio2rdf.org/pubchem/resource/pubchem_compound/2756534 http://chem2bio2rdf.org/pubchem/resource/pubchem_compound/11183547 http://chem2bio2rdf.org/pubchem/resource/pubchem_compound/25180304 http://chem2bio2rdf.org/pubchem/resource/pubchem_compound/25181419 http://chem2bio2rdf.org/pubchem/resource/pubchem_compound/10198293 http://chem2bio2rdf.org/pubchem/resource/pubchem_compound/16214849 http://chem2bio2rdf.org/pubchem/resource/pubchem_compound/11322128 http://chem2bio2rdf.org/pubchem/resource/pubchem_compound/11253245 http://chem2bio2rdf.org/pubchem/resource/pubchem_compound/11160258 http://chem2bio2rdf.org/pubchem/resource/pubchem_compound/5708672 http://chem2bio2rdf.org/pubchem/resource/pubchem_compound/10353296 http://chem2bio2rdf.org/pubchem/resource/pubchem_compound/11379226 http://chem2bio2rdf.org/pubchem/resource/pubchem_compound/11322201 http://chem2bio2rdf.org/pubchem/resource/pubchem_compound/2782903 http://chem2bio2rdf.org/pubchem/resource/pubchem_compound/24827305 http://chem2bio2rdf.org/pubchem/resource/pubchem_compound/25180500 http://chem2bio2rdf.org/pubchem/resource/pubchem_compound/44443094 http://chem2bio2rdf.org/pubchem/resource/pubchem_compound/44443096 http://chem2bio2rdf.org/pubchem/resource/pubchem_compound/23696973	pubchem_compound	11148936(29)	http://chem2bio2rdf.org/pubchem/resource/pubchem_compound/11148936	
342	http://chem2bio2rdf.org/pubchem/resource/pubchem_compound/2519 http://chem2bio2rdf.org/pubchem/resource/pubchem_compound/11424804 http://chem2bio2rdf.org/pubchem/resource/pubchem_compound/21717337 http://chem2bio2rdf.org/pubchem/resource/pubchem_compound/42637062 http://chem2bio2rdf.org/pubchem/resource/pubchem_compound/44341461 http://chem2bio2rdf.org/pubchem/resource/pubchem_compound/443389 http://chem2bio2rdf.org/pubchem/resource/pubchem_compound/44341278 http://chem2bio2rdf.org/pubchem/resource/pubchem_compound/46222048 http://chem2bio2rdf.org/pubchem/resource/pubchem_compound/46879596 http://chem2bio2rdf.org/pubchem/resource/pubchem_compound/24890872 http://chem2bio2rdf.org/pubchem/resource/pubchem_compound/42637282 http://chem2bio2rdf.org/pubchem/resource/pubchem_compound/11322177 http://chem2bio2rdf.org/pubchem/resource/pubchem_compound/44443101 http://chem2bio2rdf.org/pubchem/resource/pubchem_compound/44341256 http://chem2bio2rdf.org/pubchem/resource/pubchem_compound/21717336 http://chem2bio2rdf.org/pubchem/resource/pubchem_compound/4908 http://chem2bio2rdf.org/pubchem/resource/pubchem_compound/11817019 http://chem2bio2rdf.org/pubchem/resource/pubchem_compound/46882458 http://chem2bio2rdf.org/pubchem/resource/pubchem_compound/10108128 http://chem2bio2rdf.org/pubchem/resource/pubchem_compound/11368215 http://chem2bio2rdf.org/pubchem/resource/pubchem_compound/25212178 http://chem2bio2rdf.org/pubchem/resource/pubchem_compound/16719554 http://chem2bio2rdf.org/pubchem/resource/pubchem_compound/42637065 http://chem2bio2rdf.org/pubchem/resource/pubchem_compound/42638063 http://chem2bio2rdf.org/pubchem/resource/pubchem_compound/11458616 http://chem2bio2rdf.org/pubchem/resource/pubchem_compound/10454092 http://chem2bio2rdf.org/pubchem/resource/pubchem_compound/11172276 http://chem2bio2rdf.org/pubchem/resource/pubchem_compound/515047 http://chem2bio2rdf.org/pubchem/resource/pubchem_compound/44425701 http://chem2bio2rdf.org/pubchem/resource/pubchem_compound/44341428 http://chem2bio2rdf.org/pubchem/resource/pubchem_compound/11275964 http://chem2bio2rdf.org/pubchem/resource/pubchem_compound/42637431 http://chem2bio2rdf.org/pubchem/resource/pubchem_compound/10025406 http://chem2bio2rdf.org/pubchem/resource/pubchem_compound/25034431 http://chem2bio2rdf.org/pubchem/resource/pubchem_compound/11689242 http://chem2bio2rdf.org/pubchem/resource/pubchem_compound/44341234 http://chem2bio2rdf.org/pubchem/resource/pubchem_compound/11322127 http://chem2bio2rdf.org/pubchem/resource/pubchem_compound/10045603 http://chem2bio2rdf.org/pubchem/resource/pubchem_compound/697226 http://chem2bio2rdf.org/pubchem/resource/pubchem_compound/11771234 http://chem2bio2rdf.org/pubchem/resource/pubchem_compound/44341439 http://chem2bio2rdf.org/pubchem/resource/pubchem_compound/9833312 http://chem2bio2rdf.org/pubchem/resource/pubchem_compound/46879551 http://chem2bio2rdf.org/pubchem/resource/pubchem_compound/46879550 http://chem2bio2rdf.org/pubchem/resource/pubchem_compound/10154555 http://chem2bio2rdf.org/pubchem/resource/pubchem_compound/44341241 http://chem2bio2rdf.org/pubchem/resource/pubchem_compound/11321889 http://chem2bio2rdf.org/pubchem/resource/pubchem_compound/10173403 http://chem2bio2rdf.org/pubchem/resource/pubchem_compound/6918647 http://chem2bio2rdf.org/pubchem/resource/pubchem_compound/46879490 http://chem2bio2rdf.org/pubchem/resource/pubchem_compound/9864291 http://chem2bio2rdf.org/pubchem/resource/pubchem_compound/23657438 http://chem2bio2rdf.org/pubchem/resource/pubchem_compound/45263405 http://chem2bio2rdf.org/pubchem/resource/pubchem_compound/44341260 http://chem2bio2rdf.org/pubchem/resource/pubchem_compound/515051 http://chem2bio2rdf.org/pubchem/resource/pubchem_compound/24803184 http://chem2bio2rdf.org/pubchem/resource/pubchem_compound/42637355 http://chem2bio2rdf.org/pubchem/resource/pubchem_compound/42637357 http://chem2bio2rdf.org/pubchem/resource/pubchem_compound/11148656 http://chem2bio2rdf.org/pubchem/resource/pubchem_compound/46880206 http://chem2bio2rdf.org/pubchem/resource/pubchem_compound/44443098 http://chem2bio2rdf.org/pubchem/resource/pubchem_compound/22239024 http://chem2bio2rdf.org/pubchem/resource/pubchem_compound/24824080 http://chem2bio2rdf.org/pubchem/resource/pubchem_compound/24890348 http://chem2bio2rdf.org/pubchem/resource/pubchem_compound/24802842	pubchem_compound	10294289	http://chem2bio2rdf.org/pubchem/resource/pubchem_compound/10294289	
343		pubchem_compound	5360696	http://chem2bio2rdf.org/pubchem/resource/pubchem_compound/5360696	
344		pubchem_compound	46879549	http://chem2bio2rdf.org/pubchem/resource/pubchem_compound/46879549	
345		pubchem_compound	11430331	http://chem2bio2rdf.org/pubchem/resource/pubchem_compound/11430331	
346		pubchem_compound	46879596	http://chem2bio2rdf.org/pubchem/resource/pubchem_compound/46879596	
347		pubchem_compound	2782903	http://chem2bio2rdf.org/pubchem/resource/pubchem_compound/2782903	
348		pubchem_compound	515051	http://chem2bio2rdf.org/pubchem/resource/pubchem_compound/515051	
349		pubchem_compound	24803184	http://chem2bio2rdf.org/pubchem/resource/pubchem_compound/24803184	
350		pubchem_compound	21717337	http://chem2bio2rdf.org/pubchem/resource/pubchem_compound/21717337	
351		pubchem_compound	21717336	http://chem2bio2rdf.org/pubchem/resource/pubchem_compound/21717336	
352		pubchem_compound	10025406	http://chem2bio2rdf.org/pubchem/resource/pubchem_compound/10025406	
353		pubchem_compound	46882458	http://chem2bio2rdf.org/pubchem/resource/pubchem_compound/46882458	
354		pubchem_compound	11689242	http://chem2bio2rdf.org/pubchem/resource/pubchem_compound/11689242	
355		pubchem_compound	24890348	http://chem2bio2rdf.org/pubchem/resource/pubchem_compound/24890348	
356	http://chem2bio2rdf.org/pubchem/resource/pubchem_compound/3883 http://chem2bio2rdf.org/pubchem/resource/pubchem_compound/2118	pubchem_compound	131601(2)	http://chem2bio2rdf.org/pubchem/resource/pubchem_compound/131601	
357		pubchem_compound	10045603	http://chem2bio2rdf.org/pubchem/resource/pubchem_compound/10045603	
358		pubchem_compound	9864291	http://chem2bio2rdf.org/pubchem/resource/pubchem_compound/9864291	
359		pubchem_compound	25181419	http://chem2bio2rdf.org/pubchem/resource/pubchem_compound/25181419	
360		pubchem_compound	16719554	http://chem2bio2rdf.org/pubchem/resource/pubchem_compound/16719554	
361		pubchem_compound	9833312	http://chem2bio2rdf.org/pubchem/resource/pubchem_compound/9833312	
362	http://chem2bio2rdf.org/pubchem/resource/pubchem_compound/44573547	pubchem_compound	44570180(1)	http://chem2bio2rdf.org/pubchem/resource/pubchem_compound/44570180	
363		gene	POR	http://chem2bio2rdf.org/uniprot/resource/gene/POR	POR
364		pubchem_compound	44443096	http://chem2bio2rdf.org/pubchem/resource/pubchem_compound/44443096	
365		pubchem_compound	44443098	http://chem2bio2rdf.org/pubchem/resource/pubchem_compound/44443098	
366		pubchem_compound	46879551	http://chem2bio2rdf.org/pubchem/resource/pubchem_compound/46879551	
367		pubchem_compound	46879550	http://chem2bio2rdf.org/pubchem/resource/pubchem_compound/46879550	
368		pubchem_compound	24890872	http://chem2bio2rdf.org/pubchem/resource/pubchem_compound/24890872	
369		pubchem_compound	1049	http://chem2bio2rdf.org/pubchem/resource/pubchem_compound/1049	
370		pubchem_compound	515047	http://chem2bio2rdf.org/pubchem/resource/pubchem_compound/515047	
371		pubchem_compound	18414685	http://chem2bio2rdf.org/pubchem/resource/pubchem_compound/18414685	
372		pubchem_compound	24889346	http://chem2bio2rdf.org/pubchem/resource/pubchem_compound/24889346	
373		pubchem_compound	24824080	http://chem2bio2rdf.org/pubchem/resource/pubchem_compound/24824080	
374		pubchem_compound	10454092	http://chem2bio2rdf.org/pubchem/resource/pubchem_compound/10454092	
375		pubchem_compound	25212178	http://chem2bio2rdf.org/pubchem/resource/pubchem_compound/25212178	
376		pubchem_compound	44443101	http://chem2bio2rdf.org/pubchem/resource/pubchem_compound/44443101	
377	http://bio2rdf.org/GO/GO:0016098	GO	GO:0046483(1)	http://bio2rdf.org/GO/GO:0046483	
378		pubchem_compound	46880206	http://chem2bio2rdf.org/pubchem/resource/pubchem_compound/46880206	
379		pubchem_compound	3012027	http://chem2bio2rdf.org/pubchem/resource/pubchem_compound/3012027	
380		pubchem_compound	24802842	http://chem2bio2rdf.org/pubchem/resource/pubchem_compound/24802842	
381		pubchem_compound	10154555	http://chem2bio2rdf.org/pubchem/resource/pubchem_compound/10154555	
382	http://chem2bio2rdf.org/pubchem/resource/pubchem_compound/46224693 http://chem2bio2rdf.org/pubchem/resource/pubchem_compound/24990122 http://chem2bio2rdf.org/pubchem/resource/pubchem_compound/46224699 http://chem2bio2rdf.org/pubchem/resource/pubchem_compound/46882876 http://chem2bio2rdf.org/pubchem/resource/pubchem_compound/46224692 http://chem2bio2rdf.org/pubchem/resource/pubchem_compound/46882874 http://chem2bio2rdf.org/pubchem/resource/pubchem_compound/10284289 http://chem2bio2rdf.org/pubchem/resource/pubchem_compound/46883510 http://chem2bio2rdf.org/pubchem/resource/pubchem_compound/44425719 http://chem2bio2rdf.org/pubchem/resource/pubchem_compound/45102707 http://chem2bio2rdf.org/pubchem/resource/pubchem_compound/45102708 http://chem2bio2rdf.org/pubchem/resource/pubchem_compound/24990485 http://chem2bio2rdf.org/pubchem/resource/pubchem_compound/23647887 http://chem2bio2rdf.org/pubchem/resource/pubchem_compound/23647888 http://chem2bio2rdf.org/pubchem/resource/pubchem_compound/46224653 http://chem2bio2rdf.org/pubchem/resource/pubchem_compound/46879597 http://chem2bio2rdf.org/pubchem/resource/pubchem_compound/16223655 http://chem2bio2rdf.org/pubchem/resource/pubchem_compound/3008866 http://chem2bio2rdf.org/pubchem/resource/pubchem_compound/11247557 http://chem2bio2rdf.org/pubchem/resource/pubchem_compound/44340870 http://chem2bio2rdf.org/pubchem/resource/pubchem_compound/10268255 http://chem2bio2rdf.org/pubchem/resource/pubchem_compound/46224678 http://chem2bio2rdf.org/pubchem/resource/pubchem_compound/44583287 http://chem2bio2rdf.org/pubchem/resource/pubchem_compound/16661548 http://chem2bio2rdf.org/pubchem/resource/pubchem_compound/46224670 http://chem2bio2rdf.org/pubchem/resource/pubchem_compound/25093241 http://chem2bio2rdf.org/pubchem/resource/pubchem_compound/44581241 http://chem2bio2rdf.org/pubchem/resource/pubchem_compound/46224677 http://chem2bio2rdf.org/pubchem/resource/pubchem_compound/44581242 http://chem2bio2rdf.org/pubchem/resource/pubchem_compound/23647884 http://chem2bio2rdf.org/pubchem/resource/pubchem_compound/24890346 http://chem2bio2rdf.org/pubchem/resource/pubchem_compound/24890344 http://chem2bio2rdf.org/pubchem/resource/pubchem_compound/44457199 http://chem2bio2rdf.org/pubchem/resource/pubchem_compound/24824494 http://chem2bio2rdf.org/pubchem/resource/pubchem_compound/46224687 http://chem2bio2rdf.org/pubchem/resource/pubchem_compound/46224685 http://chem2bio2rdf.org/pubchem/resource/pubchem_compound/46224680 http://chem2bio2rdf.org/pubchem/resource/pubchem_compound/46224688 http://chem2bio2rdf.org/pubchem/resource/pubchem_compound/16727123 http://chem2bio2rdf.org/pubchem/resource/pubchem_compound/44431775 http://chem2bio2rdf.org/pubchem/resource/pubchem_compound/491206 http://chem2bio2rdf.org/pubchem/resource/pubchem_compound/44433789 http://chem2bio2rdf.org/pubchem/resource/pubchem_compound/15955613 http://chem2bio2rdf.org/pubchem/resource/pubchem_compound/46882461 http://chem2bio2rdf.org/pubchem/resource/pubchem_compound/44583355 http://chem2bio2rdf.org/pubchem/resource/pubchem_compound/44583356 http://chem2bio2rdf.org/pubchem/resource/pubchem_compound/44570275 http://chem2bio2rdf.org/pubchem/resource/pubchem_compound/1367 http://chem2bio2rdf.org/pubchem/resource/pubchem_compound/11993870 http://chem2bio2rdf.org/pubchem/resource/pubchem_compound/44320276 http://chem2bio2rdf.org/pubchem/resource/pubchem_compound/16223851 http://chem2bio2rdf.org/pubchem/resource/pubchem_compound/46224657 http://chem2bio2rdf.org/pubchem/resource/pubchem_compound/44403300 http://chem2bio2rdf.org/pubchem/resource/pubchem_compound/46879643 http://chem2bio2rdf.org/pubchem/resource/pubchem_compound/44578956 http://chem2bio2rdf.org/pubchem/resource/pubchem_compound/46224706 http://chem2bio2rdf.org/pubchem/resource/pubchem_compound/46224672 http://chem2bio2rdf.org/pubchem/resource/pubchem_compound/24990839 http://chem2bio2rdf.org/pubchem/resource/pubchem_compound/46224702 http://chem2bio2rdf.org/pubchem/resource/pubchem_compound/44440493 http://chem2bio2rdf.org/pubchem/resource/pubchem_compound/10305705 http://chem2bio2rdf.org/pubchem/resource/pubchem_compound/46224669 http://chem2bio2rdf.org/pubchem/resource/pubchem_compound/46224668 http://chem2bio2rdf.org/pubchem/resource/pubchem_compound/25270849 http://chem2bio2rdf.org/pubchem/resource/pubchem_compound/44320251 http://chem2bio2rdf.org/pubchem/resource/pubchem_compound/44320252 http://chem2bio2rdf.org/pubchem/resource/pubchem_compound/9797385 http://chem2bio2rdf.org/pubchem/resource/pubchem_compound/23647890 http://chem2bio2rdf.org/pubchem/resource/pubchem_compound/24961687 http://chem2bio2rdf.org/pubchem/resource/pubchem_compound/16661701 http://chem2bio2rdf.org/pubchem/resource/pubchem_compound/46224649 http://chem2bio2rdf.org/pubchem/resource/pubchem_compound/10002960 http://chem2bio2rdf.org/pubchem/resource/pubchem_compound/46882949 http://chem2bio2rdf.org/pubchem/resource/pubchem_compound/10146899 http://chem2bio2rdf.org/pubchem/resource/pubchem_compound/46224705 http://chem2bio2rdf.org/pubchem/resource/pubchem_compound/10049358 http://chem2bio2rdf.org/pubchem/resource/pubchem_compound/46224664 http://chem2bio2rdf.org/pubchem/resource/pubchem_compound/5495793 http://chem2bio2rdf.org/pubchem/resource/pubchem_compound/16043268 http://chem2bio2rdf.org/pubchem/resource/pubchem_compound/42643591 http://chem2bio2rdf.org/pubchem/resource/pubchem_compound/6437306 http://chem2bio2rdf.org/pubchem/resource/pubchem_compound/46224644 http://chem2bio2rdf.org/pubchem/resource/pubchem_compound/10190506 http://chem2bio2rdf.org/pubchem/resource/pubchem_compound/25207352 http://chem2bio2rdf.org/pubchem/resource/pubchem_compound/11516139 http://chem2bio2rdf.org/pubchem/resource/pubchem_compound/44320238	pubchem_compound	46224691(86)	http://chem2bio2rdf.org/pubchem/resource/pubchem_compound/46224691	
383		pubchem_compound	2166	http://chem2bio2rdf.org/pubchem/resource/pubchem_compound/2166	
384	http://chem2bio2rdf.org/pubchem/resource/pubchem_compound/46231312 http://chem2bio2rdf.org/pubchem/resource/pubchem_compound/193042 http://chem2bio2rdf.org/pubchem/resource/pubchem_compound/44466345 http://chem2bio2rdf.org/pubchem/resource/pubchem_compound/46879552 http://chem2bio2rdf.org/pubchem/resource/pubchem_compound/442879 http://chem2bio2rdf.org/pubchem/resource/pubchem_compound/46882521 http://chem2bio2rdf.org/pubchem/resource/pubchem_compound/46879428 http://chem2bio2rdf.org/pubchem/resource/pubchem_compound/45267621	pubchem_compound	16040587(8)	http://chem2bio2rdf.org/pubchem/resource/pubchem_compound/16040587	
385		pubchem_compound	122068	http://chem2bio2rdf.org/pubchem/resource/pubchem_compound/122068	
386		pubchem_compound	9820134	http://chem2bio2rdf.org/pubchem/resource/pubchem_compound/9820134	
387		pubchem_compound	10316203	http://chem2bio2rdf.org/pubchem/resource/pubchem_compound/10316203	
388		pubchem_compound	11195292	http://chem2bio2rdf.org/pubchem/resource/pubchem_compound/11195292	
389		gene	CYP2D6	http://chem2bio2rdf.org/uniprot/resource/gene/CYP2D6	CYP2D6
390		pubchem_compound	16099905	http://chem2bio2rdf.org/pubchem/resource/pubchem_compound/16099905	
391		GO	GO:0070989	http://bio2rdf.org/GO/GO:0070989	
392		GO	GO:0016098	http://bio2rdf.org/GO/GO:0016098	
393		pubchem_compound	11450263	http://chem2bio2rdf.org/pubchem/resource/pubchem_compound/11450263	
394		pubchem_compound	443390	http://chem2bio2rdf.org/pubchem/resource/pubchem_compound/443390	
395		pubchem_compound	25212177	http://chem2bio2rdf.org/pubchem/resource/pubchem_compound/25212177	
396	http://bio2rdf.org/GO/GO:0009822	GO	GO:0042737	http://bio2rdf.org/GO/GO:0042737	
397	http://bio2rdf.org/GO/GO:0046483	GO	GO:0009820(1)	http://bio2rdf.org/GO/GO:0009820	
398		GO	GO:0009822	http://bio2rdf.org/GO/GO:0009822	
399		pubchem_compound	16745311	http://chem2bio2rdf.org/pubchem/resource/pubchem_compound/16745311	
400		kegg_pathway	hsa04080	http://chem2bio2rdf.org/kegg/resource/kegg_pathway/hsa04080	
401		tissue	Red_blood_cell	http://chem2bio2rdf.org/hprd/resource/tissue/Red_blood_cell	
402		gene	CDK2	http://chem2bio2rdf.org/uniprot/resource/gene/CDK2	CDK2
403	http://chem2bio2rdf.org/uniprot/resource/gene/NR4A3	gene	ADIPOR1(1)	http://chem2bio2rdf.org/uniprot/resource/gene/ADIPOR1	ADIPOR1
404		kegg_pathway	hsa03320	http://chem2bio2rdf.org/kegg/resource/kegg_pathway/hsa03320	
405		pubchem_compound	15074	http://chem2bio2rdf.org/pubchem/resource/pubchem_compound/15074	
406	http://chem2bio2rdf.org/chebi/resource/chebi/CHEBI:48865 http://chem2bio2rdf.org/chebi/resource/chebi/CHEBI:50864	chebi	CHEBI:50990(2)	http://chem2bio2rdf.org/chebi/resource/chebi/CHEBI:50990	
407		GO	GO:0010871	http://bio2rdf.org/GO/GO:0010871	
408		GO	GO:0050872	http://bio2rdf.org/GO/GO:0050872	
409		gene	FABP4	http://chem2bio2rdf.org/uniprot/resource/gene/FABP4	FABP4
410	http://chem2bio2rdf.org/pubchem/resource/pubchem_compound/44570180 http://chem2bio2rdf.org/pubchem/resource/pubchem_compound/44573547 http://chem2bio2rdf.org/pubchem/resource/pubchem_compound/108137	pubchem_compound	25034348(3)	http://chem2bio2rdf.org/pubchem/resource/pubchem_compound/25034348	
411		pubchem_compound	6918647	http://chem2bio2rdf.org/pubchem/resource/pubchem_compound/6918647	
412		pubchem_compound	11424804	http://chem2bio2rdf.org/pubchem/resource/pubchem_compound/11424804	
413		pubchem_compound	46879490	http://chem2bio2rdf.org/pubchem/resource/pubchem_compound/46879490	
414		pubchem_compound	44341256	http://chem2bio2rdf.org/pubchem/resource/pubchem_compound/44341256	
415		pubchem_compound	11218177	http://chem2bio2rdf.org/pubchem/resource/pubchem_compound/11218177	
416	http://chem2bio2rdf.org/pubchem/resource/pubchem_compound/4908 http://chem2bio2rdf.org/pubchem/resource/pubchem_compound/46222048 http://chem2bio2rdf.org/pubchem/resource/pubchem_compound/42637282 http://chem2bio2rdf.org/pubchem/resource/pubchem_compound/42637062 http://chem2bio2rdf.org/pubchem/resource/pubchem_compound/10108128 http://chem2bio2rdf.org/pubchem/resource/pubchem_compound/42637065 http://chem2bio2rdf.org/pubchem/resource/pubchem_compound/11275964 http://chem2bio2rdf.org/pubchem/resource/pubchem_compound/42637431 http://chem2bio2rdf.org/pubchem/resource/pubchem_compound/25034431 http://chem2bio2rdf.org/pubchem/resource/pubchem_compound/697226 http://chem2bio2rdf.org/pubchem/resource/pubchem_compound/11771234 http://chem2bio2rdf.org/pubchem/resource/pubchem_compound/44341439 http://chem2bio2rdf.org/pubchem/resource/pubchem_compound/44341241 http://chem2bio2rdf.org/pubchem/resource/pubchem_compound/10173403 http://chem2bio2rdf.org/pubchem/resource/pubchem_compound/42637355 http://chem2bio2rdf.org/pubchem/resource/pubchem_compound/42637357 http://chem2bio2rdf.org/pubchem/resource/pubchem_compound/42638063	pubchem_compound	44341461(17)	http://chem2bio2rdf.org/pubchem/resource/pubchem_compound/44341461	
417		pubchem_compound	44341278	http://chem2bio2rdf.org/pubchem/resource/pubchem_compound/44341278	
418		pubchem_compound	11368215	http://chem2bio2rdf.org/pubchem/resource/pubchem_compound/11368215	
419		pubchem_compound	11322127	http://chem2bio2rdf.org/pubchem/resource/pubchem_compound/11322127	
420		pubchem_compound	11582291	http://chem2bio2rdf.org/pubchem/resource/pubchem_compound/11582291	
421		pubchem_compound	11148656	http://chem2bio2rdf.org/pubchem/resource/pubchem_compound/11148656	
422		pubchem_compound	23657438	http://chem2bio2rdf.org/pubchem/resource/pubchem_compound/23657438	
423		pubchem_compound	44341234	http://chem2bio2rdf.org/pubchem/resource/pubchem_compound/44341234	
424		pubchem_compound	443389	http://chem2bio2rdf.org/pubchem/resource/pubchem_compound/443389	
425		pubchem_compound	11322177	http://chem2bio2rdf.org/pubchem/resource/pubchem_compound/11322177	
426		pubchem_compound	11321889	http://chem2bio2rdf.org/pubchem/resource/pubchem_compound/11321889	
427		pubchem_compound	44341428	http://chem2bio2rdf.org/pubchem/resource/pubchem_compound/44341428	
428		pubchem_compound	11817019	http://chem2bio2rdf.org/pubchem/resource/pubchem_compound/11817019	
429		pubchem_compound	11458616	http://chem2bio2rdf.org/pubchem/resource/pubchem_compound/11458616	
430		pubchem_compound	44341260	http://chem2bio2rdf.org/pubchem/resource/pubchem_compound/44341260	
431		GO	GO:0032787	http://bio2rdf.org/GO/GO:0032787	
432		pubchem_compound	11172276	http://chem2bio2rdf.org/pubchem/resource/pubchem_compound/11172276	
433		pubchem_compound	22239024	http://chem2bio2rdf.org/pubchem/resource/pubchem_compound/22239024	
434		pubchem_compound	44425701	http://chem2bio2rdf.org/pubchem/resource/pubchem_compound/44425701	
435		pubchem_compound	45263405	http://chem2bio2rdf.org/pubchem/resource/pubchem_compound/45263405	
436	http://chem2bio2rdf.org/pubchem/resource/pubchem_compound/25240031	pubchem_compound	985(1)	http://chem2bio2rdf.org/pubchem/resource/pubchem_compound/985	
437		gene	HPGD	http://chem2bio2rdf.org/uniprot/resource/gene/HPGD	HPGD
438		GO	GO:0055088	http://bio2rdf.org/GO/GO:0055088	
439		pubchem_compound	3339	http://chem2bio2rdf.org/pubchem/resource/pubchem_compound/3339	
440	http://chem2bio2rdf.org/pubchem/resource/pubchem_compound/44190592 http://chem2bio2rdf.org/pubchem/resource/pubchem_compound/46198107 http://chem2bio2rdf.org/pubchem/resource/pubchem_compound/46198216 http://chem2bio2rdf.org/pubchem/resource/pubchem_compound/46198109 http://chem2bio2rdf.org/pubchem/resource/pubchem_compound/44453913	pubchem_compound	46198325(5)	http://chem2bio2rdf.org/pubchem/resource/pubchem_compound/46198325	
441		kegg_pathway	hsa00591	http://chem2bio2rdf.org/kegg/resource/kegg_pathway/hsa00591	
442		pubchem_compound	64928	http://chem2bio2rdf.org/pubchem/resource/pubchem_compound/64928	
443		pubchem_compound	25240031	http://chem2bio2rdf.org/pubchem/resource/pubchem_compound/25240031	
444		pubchem_compound	51263	http://chem2bio2rdf.org/pubchem/resource/pubchem_compound/51263	
445		pubchem_compound	3883	http://chem2bio2rdf.org/pubchem/resource/pubchem_compound/3883	
446	http://chem2bio2rdf.org/uniprot/resource/gene/ADIPOR1	gene	NR4A3(1)	http://chem2bio2rdf.org/uniprot/resource/gene/NR4A3	NR4A3
447		chebi	CHEBI:33261	http://chem2bio2rdf.org/chebi/resource/chebi/CHEBI:33261	
448		GO	GO:0035173	http://bio2rdf.org/GO/GO:0035173	
449	http://chem2bio2rdf.org/pubchem/resource/pubchem_compound/234096 http://chem2bio2rdf.org/pubchem/resource/pubchem_compound/3034759 http://chem2bio2rdf.org/pubchem/resource/pubchem_compound/168408 http://chem2bio2rdf.org/pubchem/resource/pubchem_compound/5833	pubchem_compound	387316(4)	http://chem2bio2rdf.org/pubchem/resource/pubchem_compound/387316	
450		pubchem_compound	44820249	http://chem2bio2rdf.org/pubchem/resource/pubchem_compound/44820249	
451	http://chem2bio2rdf.org/pubchem/resource/pubchem_compound/44265780 http://chem2bio2rdf.org/pubchem/resource/pubchem_compound/44265802 http://chem2bio2rdf.org/pubchem/resource/pubchem_compound/44346204 http://chem2bio2rdf.org/pubchem/resource/pubchem_compound/44265809 http://chem2bio2rdf.org/pubchem/resource/pubchem_compound/44265824 http://chem2bio2rdf.org/pubchem/resource/pubchem_compound/44265803 http://chem2bio2rdf.org/pubchem/resource/pubchem_compound/44265805 http://chem2bio2rdf.org/pubchem/resource/pubchem_compound/44265807 http://chem2bio2rdf.org/pubchem/resource/pubchem_compound/44265734 http://chem2bio2rdf.org/pubchem/resource/pubchem_compound/44346152 http://chem2bio2rdf.org/pubchem/resource/pubchem_compound/15389574 http://chem2bio2rdf.org/pubchem/resource/pubchem_compound/15389573 http://chem2bio2rdf.org/pubchem/resource/pubchem_compound/44265791 http://chem2bio2rdf.org/pubchem/resource/pubchem_compound/44265770 http://chem2bio2rdf.org/pubchem/resource/pubchem_compound/44265776 http://chem2bio2rdf.org/pubchem/resource/pubchem_compound/9883791 http://chem2bio2rdf.org/pubchem/resource/pubchem_compound/44265815 http://chem2bio2rdf.org/pubchem/resource/pubchem_compound/44346217 http://chem2bio2rdf.org/pubchem/resource/pubchem_compound/44346057 http://chem2bio2rdf.org/pubchem/resource/pubchem_compound/44265705 http://chem2bio2rdf.org/pubchem/resource/pubchem_compound/15218073 http://chem2bio2rdf.org/pubchem/resource/pubchem_compound/13137289 http://chem2bio2rdf.org/pubchem/resource/pubchem_compound/44265836 http://chem2bio2rdf.org/pubchem/resource/pubchem_compound/44265819 http://chem2bio2rdf.org/pubchem/resource/pubchem_compound/44265833 http://chem2bio2rdf.org/pubchem/resource/pubchem_compound/44265832 http://chem2bio2rdf.org/pubchem/resource/pubchem_compound/44265816 http://chem2bio2rdf.org/pubchem/resource/pubchem_compound/15218074 http://chem2bio2rdf.org/pubchem/resource/pubchem_compound/15221167 http://chem2bio2rdf.org/pubchem/resource/pubchem_compound/44265704	pubchem_compound	44265781(30)	http://chem2bio2rdf.org/pubchem/resource/pubchem_compound/44265781	
452		pubchem_compound	9822159	http://chem2bio2rdf.org/pubchem/resource/pubchem_compound/9822159	
453		pubchem_compound	29435	http://chem2bio2rdf.org/pubchem/resource/pubchem_compound/29435	
454		gene	AGL	http://chem2bio2rdf.org/uniprot/resource/gene/AGL	AGL
455		pubchem_compound	176077	http://chem2bio2rdf.org/pubchem/resource/pubchem_compound/176077	
456		substructure	Glycerol_and_Derivatives	http://chem2bio2rdf.org/drugbank/resource/substructure/Glycerol_and_Derivatives	
457	http://bio2rdf.org/GO/GO:0004553	GO	GO:0004558(1)	http://bio2rdf.org/GO/GO:0004558	
458		gene	SI	http://chem2bio2rdf.org/uniprot/resource/gene/SI	SI
459		pubchem_compound	15389575	http://chem2bio2rdf.org/pubchem/resource/pubchem_compound/15389575	
460		gene	GAA	http://chem2bio2rdf.org/uniprot/resource/gene/GAA	GAA
461		pubchem_compound	444020	http://chem2bio2rdf.org/pubchem/resource/pubchem_compound/444020	
462	http://chem2bio2rdf.org/pubchem/resource/pubchem_compound/469850 http://chem2bio2rdf.org/pubchem/resource/pubchem_compound/389416	pubchem_compound	44320078(2)	http://chem2bio2rdf.org/pubchem/resource/pubchem_compound/44320078	
463		gene	MGAM	http://chem2bio2rdf.org/uniprot/resource/gene/MGAM	MGAM
464		GO	GO:0005975	http://bio2rdf.org/GO/GO:0005975	
465		pubchem_compound	501391	http://chem2bio2rdf.org/pubchem/resource/pubchem_compound/501391	
466		pubchem_compound	441184	http://chem2bio2rdf.org/pubchem/resource/pubchem_compound/441184	
467		pubchem_compound	10039088	http://chem2bio2rdf.org/pubchem/resource/pubchem_compound/10039088	
468		pubchem_compound	441314	http://chem2bio2rdf.org/pubchem/resource/pubchem_compound/441314	
469		pubchem_compound	51634	http://chem2bio2rdf.org/pubchem/resource/pubchem_compound/51634	
470		kegg_pathway	hsa00052	http://chem2bio2rdf.org/kegg/resource/kegg_pathway/hsa00052	
471		kegg_pathway	hsa00500	http://chem2bio2rdf.org/kegg/resource/kegg_pathway/hsa00500	
472		pubchem_compound	92381	http://chem2bio2rdf.org/pubchem/resource/pubchem_compound/92381	
473		pubchem_compound	15221166	http://chem2bio2rdf.org/pubchem/resource/pubchem_compound/15221166	
474		gene	PTGS2	http://chem2bio2rdf.org/uniprot/resource/gene/PTGS2	PTGS2
475	http://chem2bio2rdf.org/pubchem/resource/pubchem_compound/44451613	pubchem_compound	451991(1)	http://chem2bio2rdf.org/pubchem/resource/pubchem_compound/451991	
476	http://chem2bio2rdf.org/pubchem/resource/pubchem_compound/6451151 http://chem2bio2rdf.org/pubchem/resource/pubchem_compound/44573262 http://chem2bio2rdf.org/pubchem/resource/pubchem_compound/24808560 http://chem2bio2rdf.org/pubchem/resource/pubchem_compound/46879415 http://chem2bio2rdf.org/pubchem/resource/pubchem_compound/9794258 http://chem2bio2rdf.org/pubchem/resource/pubchem_compound/79025 http://chem2bio2rdf.org/pubchem/resource/pubchem_compound/174312 http://chem2bio2rdf.org/pubchem/resource/pubchem_compound/6918743	pubchem_compound	1374(8)	http://chem2bio2rdf.org/pubchem/resource/pubchem_compound/1374	
477		pubchem_compound	10374978	http://chem2bio2rdf.org/pubchem/resource/pubchem_compound/10374978	
478		pubchem_compound	457676	http://chem2bio2rdf.org/pubchem/resource/pubchem_compound/457676	
479	http://chem2bio2rdf.org/pubchem/resource/pubchem_compound/44435378 http://chem2bio2rdf.org/pubchem/resource/pubchem_compound/44435395 http://chem2bio2rdf.org/pubchem/resource/pubchem_compound/44435394 http://chem2bio2rdf.org/pubchem/resource/pubchem_compound/44435393 http://chem2bio2rdf.org/pubchem/resource/pubchem_compound/44435392 http://chem2bio2rdf.org/pubchem/resource/pubchem_compound/44435391 http://chem2bio2rdf.org/pubchem/resource/pubchem_compound/44435390 http://chem2bio2rdf.org/pubchem/resource/pubchem_compound/44435371 http://chem2bio2rdf.org/pubchem/resource/pubchem_compound/44435370 http://chem2bio2rdf.org/pubchem/resource/pubchem_compound/44435372 http://chem2bio2rdf.org/pubchem/resource/pubchem_compound/44435362 http://chem2bio2rdf.org/pubchem/resource/pubchem_compound/11851431 http://chem2bio2rdf.org/pubchem/resource/pubchem_compound/44435369 http://chem2bio2rdf.org/pubchem/resource/pubchem_compound/44435380 http://chem2bio2rdf.org/pubchem/resource/pubchem_compound/44435381 http://chem2bio2rdf.org/pubchem/resource/pubchem_compound/44435368 http://chem2bio2rdf.org/pubchem/resource/pubchem_compound/44435383 http://chem2bio2rdf.org/pubchem/resource/pubchem_compound/44435384 http://chem2bio2rdf.org/pubchem/resource/pubchem_compound/44435385 http://chem2bio2rdf.org/pubchem/resource/pubchem_compound/44435386 http://chem2bio2rdf.org/pubchem/resource/pubchem_compound/44435387 http://chem2bio2rdf.org/pubchem/resource/pubchem_compound/44435388 http://chem2bio2rdf.org/pubchem/resource/pubchem_compound/44435389 http://chem2bio2rdf.org/pubchem/resource/pubchem_compound/11354073 http://chem2bio2rdf.org/pubchem/resource/pubchem_compound/44435366 http://chem2bio2rdf.org/pubchem/resource/pubchem_compound/44435367 http://chem2bio2rdf.org/pubchem/resource/pubchem_compound/44435364 http://chem2bio2rdf.org/pubchem/resource/pubchem_compound/11785317 http://chem2bio2rdf.org/pubchem/resource/pubchem_compound/24180452 http://chem2bio2rdf.org/pubchem/resource/pubchem_compound/9849211 http://chem2bio2rdf.org/pubchem/resource/pubchem_compound/44435363 http://chem2bio2rdf.org/pubchem/resource/pubchem_compound/44435382	pubchem_compound	44435379(32)	http://chem2bio2rdf.org/pubchem/resource/pubchem_compound/44435379	
480		gene	BACE1	http://chem2bio2rdf.org/uniprot/resource/gene/BACE1	BACE1
481		gene	APP	http://chem2bio2rdf.org/uniprot/resource/gene/APP	APP
482		kegg_pathway	hsa05010	http://chem2bio2rdf.org/kegg/resource/kegg_pathway/hsa05010	
483		pubchem_compound	5917	http://chem2bio2rdf.org/pubchem/resource/pubchem_compound/5917	
484		gene	NR4A1	http://chem2bio2rdf.org/uniprot/resource/gene/NR4A1	NR4A1
485		pubchem_compound	6128	http://chem2bio2rdf.org/pubchem/resource/pubchem_compound/6128	
486		pubchem_compound	5382	http://chem2bio2rdf.org/pubchem/resource/pubchem_compound/5382	
487		pubchem_compound	92877	http://chem2bio2rdf.org/pubchem/resource/pubchem_compound/92877	
488		GO	GO:0004882	http://bio2rdf.org/GO/GO:0004882	
489	http://chem2bio2rdf.org/chebi/resource/chebi/CHEBI:33402 http://chem2bio2rdf.org/chebi/resource/chebi/CHEBI:33543 http://chem2bio2rdf.org/chebi/resource/chebi/CHEBI:24833 http://chem2bio2rdf.org/chebi/resource/chebi/CHEBI:33256 http://chem2bio2rdf.org/chebi/resource/chebi/CHEBI:29214 http://chem2bio2rdf.org/chebi/resource/chebi/CHEBI:32988 http://chem2bio2rdf.org/chebi/resource/chebi/CHEBI:33552 http://chem2bio2rdf.org/chebi/resource/chebi/CHEBI:26835 http://chem2bio2rdf.org/chebi/resource/chebi/CHEBI:48854 http://chem2bio2rdf.org/chebi/resource/chebi/CHEBI:33241 http://chem2bio2rdf.org/chebi/resource/chebi/CHEBI:35358 http://chem2bio2rdf.org/chebi/resource/chebi/CHEBI:33482 http://chem2bio2rdf.org/chebi/resource/chebi/CHEBI:33484	chebi	CHEBI:33424(13)	http://chem2bio2rdf.org/chebi/resource/chebi/CHEBI:33424	
490		pubchem_compound	221493	http://chem2bio2rdf.org/pubchem/resource/pubchem_compound/221493	
491		pubchem_compound	441074	http://chem2bio2rdf.org/pubchem/resource/pubchem_compound/441074	
492	http://chem2bio2rdf.org/drugbank/resource/substructure/Sulfonamides	substructure	Benzenesulfonamides(1)	http://chem2bio2rdf.org/drugbank/resource/substructure/Benzenesulfonamides	
493		pubchem_compound	54687	http://chem2bio2rdf.org/pubchem/resource/pubchem_compound/54687	
494		pubchem_compound	104865	http://chem2bio2rdf.org/pubchem/resource/pubchem_compound/104865	
495	http://chem2bio2rdf.org/pubchem/resource/pubchem_compound/10950401 http://chem2bio2rdf.org/pubchem/resource/pubchem_compound/11560300 http://chem2bio2rdf.org/pubchem/resource/pubchem_compound/24741307 http://chem2bio2rdf.org/pubchem/resource/pubchem_compound/77999 http://chem2bio2rdf.org/pubchem/resource/pubchem_compound/46890163 http://chem2bio2rdf.org/pubchem/resource/pubchem_compound/11617480 http://chem2bio2rdf.org/pubchem/resource/pubchem_compound/11610363 http://chem2bio2rdf.org/pubchem/resource/pubchem_compound/10916150 http://chem2bio2rdf.org/pubchem/resource/pubchem_compound/46890301 http://chem2bio2rdf.org/pubchem/resource/pubchem_compound/10938696 http://chem2bio2rdf.org/pubchem/resource/pubchem_compound/16099923 http://chem2bio2rdf.org/pubchem/resource/pubchem_compound/11494579 http://chem2bio2rdf.org/pubchem/resource/pubchem_compound/11013215	pubchem_compound	44346781(13)	http://chem2bio2rdf.org/pubchem/resource/pubchem_compound/44346781	
496		pubchem_compound	42626024	http://chem2bio2rdf.org/pubchem/resource/pubchem_compound/42626024	
497		pubchem_compound	16072099	http://chem2bio2rdf.org/pubchem/resource/pubchem_compound/16072099	
498		gene	STX1A	http://chem2bio2rdf.org/uniprot/resource/gene/STX1A	STX1A
499		GO	GO:0008281	http://bio2rdf.org/GO/GO:0008281	
500		pubchem_compound	4192	http://chem2bio2rdf.org/pubchem/resource/pubchem_compound/4192	
501		pubchem_compound	5284373	http://chem2bio2rdf.org/pubchem/resource/pubchem_compound/5284373	
502		pubchem_compound	5755	http://chem2bio2rdf.org/pubchem/resource/pubchem_compound/5755	
503		pubchem_compound	2118	http://chem2bio2rdf.org/pubchem/resource/pubchem_compound/2118	
504		pubchem_compound	123631	http://chem2bio2rdf.org/pubchem/resource/pubchem_compound/123631	